latitude,longitude,ground_elevation_m,canopy_height_m,sensitivity,beam,granule,granule_time_start
-25.644949704929637,-57.04316456794321,5321.1143,18.320312,0.95874345,BEAM0011,GEDI02_A_2021088044333_O12988_04_T07075_02_003_02_V002.h5,2021-03-29T04:43:33.000Z
-25.64490746995038,-57.033617512565314,4570.977,0.0,14.342898,BEAM0010,GEDI02_A_2021354191807_O17120_04_T07075_02_003_02_V002.h5,2021-12-20T19:18:07.000Z
-25.644827851416647,-57.0308505122722,2635.9265,0.29858398,0.9224316,BEAM0010,GEDI02_A_2024193193707_O31606_01_T10769_02_004_03_V002.h5,2024-07-11T19:37:07.000Z
-25.6447768813585,-57.03537731567148,5319.9634,10.39502,0.9529361,BEAM0010,GEDI02_A_2021088044333_O12988_04_T07075_02_003_02_V002.h5,2021-03-29T04:43:33.000Z
-25.644709940271902,-57.031269110596334,7557.2188,0.0,4.270936,BEAM0001,GEDI02_A_2025156231012_O36711_04_T07075_02_004_02_V002.h5,2025-06-05T23:10:12.000Z
-25.64462889172129,-57.02159577166685,2753.2085,0.0,4.1553106,BEAM0000,GEDI02_A_2021354191807_O17120_04_T07075_02_003_02_V002.h5,2021-12-20T19:18:07.000Z
-25.644558174539775,-57.04353673684289,5325.679,5.4589844,0.95303565,BEAM0011,GEDI02_A_2021088044333_O12988_04_T07075_02_003_02_V002.h5,2021-03-29T04:43:33.000Z
-25.644553058068972,-57.02251696279139,2565.9702,0.0,2.6356456,BEAM0011,GEDI02_A_2024193193707_O31606_01_T10769_02_004_03_V002.h5,2024-07-11T19:37:07.000Z
-25.64453782998275,-57.02243082553076,218.24924,0.0,3.1866608,BEAM0000,GEDI02_A_2025156231012_O36711_04_T07075_02_004_02_V002.h5,2025-06-05T23:10:12.000Z
-25.644452745897503,-57.03186330597738,4652.041,0.59716797,0.912467,BEAM1000,GEDI02_A_2024244132446_O32393_04_T04229_02_004_04_V002.h5,2024-08-31T13:24:46.000Z
-25.64438197071379,-57.03575167302774,5331.8,7.777832,0.96773285,BEAM0010,GEDI02_A_2021088044333_O12988_04_T07075_02_003_02_V002.h5,2021-03-29T04:43:33.000Z
-25.644345916678706,-57.02235250918777,5371.102,0.0,34.081184,BEAM0000,GEDI02_A_2021088044333_O12988_04_T07075_02_003_02_V002.h5,2021-03-29T04:43:33.000Z
-25.644335416230653,-57.03988337025339,4796.6,0.0,2.3666337,BEAM1011,GEDI02_A_2024244132446_O32393_04_T04229_02_004_04_V002.h5,2024-08-31T13:24:46.000Z
-25.644321168333203,-57.03164178127556,7557.1406,0.0,4.4500246,BEAM0001,GEDI02_A_2025156231012_O36711_04_T07075_02_004_02_V002.h5,2025-06-05T23:10:12.000Z
-25.644240914462085,-57.02196709912911,2753.4243,0.0,2.8634174,BEAM0000,GEDI02_A_2021354191807_O17120_04_T07075_02_003_02_V002.h5,2021-12-20T19:18:07.000Z
-25.644148714916664,-57.022803061086314,217.69455,0.0,2.2976618,BEAM0000,GEDI02_A_2025156231012_O36711_04_T07075_02_004_02_V002.h5,2025-06-05T23:10:12.000Z
-25.644129589716368,-57.0343593001234,4570.861,0.0,11.636442,BEAM0010,GEDI02_A_2021354191807_O17120_04_T07075_02_003_02_V002.h5,2021-12-20T19:18:07.000Z
-25.644123433683976,-57.03052184239896,5368.5527,0.0,2.7226186,BEAM0001,GEDI02_A_2021088044333_O12988_04_T07075_02_003_02_V002.h5,2021-03-29T04:43:33.000Z
-25.64395765397993,-57.042401823234144,4732.9297,0.0,2.1495795,BEAM0011,GEDI02_A_2021354191807_O17120_04_T07075_02_003_02_V002.h5,2021-12-20T19:18:07.000Z
-25.643860652417032,-57.024217255752355,7591.894,0.0,4.1713033,BEAM0000,GEDI02_A_2025156231012_O36711_04_T07075_02_004_02_V002.h5,2025-06-05T23:10:12.000Z
-25.64385291092316,-57.02233882718067,2753.051,0.0,22.941214,BEAM0000,GEDI02_A_2021354191807_O17120_04_T07075_02_003_02_V002.h5,2021-12-20T19:18:07.000Z
-25.64379670872458,-57.04427106741044,5294.587,19.03125,0.9342157,BEAM0011,GEDI02_A_2021088044333_O12988_04_T07075_02_003_02_V002.h5,2021-03-29T04:43:33.000Z
-25.64375984527933,-57.02317517234889,217.59517,0.0,3.6731913,BEAM0000,GEDI02_A_2025156231012_O36711_04_T07075_02_004_02_V002.h5,2025-06-05T23:10:12.000Z
-25.64374062379976,-57.03473025767238,4570.572,0.0,2.8435595,BEAM0010,GEDI02_A_2021354191807_O17120_04_T07075_02_003_02_V002.h5,2021-12-20T19:18:07.000Z
-25.64372538879985,-57.030520376926034,2762.3464,0.0,2.4945302,BEAM0001,GEDI02_A_2021354191807_O17120_04_T07075_02_003_02_V002.h5,2021-12-20T19:18:07.000Z
-25.643595999940977,-57.02308212224798,5312.2695,1.3466797,0.9645613,BEAM0000,GEDI02_A_2021088044333_O12988_04_T07075_02_003_02_V002.h5,2021-03-29T04:43:33.000Z
-25.64359281775284,-57.03649986936865,5353.9673,16.82666,0.9274208,BEAM0010,GEDI02_A_2021088044333_O12988_04_T07075_02_003_02_V002.h5,2021-03-29T04:43:33.000Z
-25.643568419956715,-57.04275941380799,4750.638,0.0,2.6294477,BEAM0011,GEDI02_A_2021354191807_O17120_04_T07075_02_003_02_V002.h5,2021-12-20T19:18:07.000Z
-25.643543532832858,-57.03238715251125,7556.7646,0.0,2.9568982,BEAM0001,GEDI02_A_2025156231012_O36711_04_T07075_02_004_02_V002.h5,2025-06-05T23:10:12.000Z
-25.64352781844755,-57.040651953400356,4749.5146,0.59716797,0.9260176,BEAM1011,GEDI02_A_2024244132446_O32393_04_T04229_02_004_04_V002.h5,2024-08-31T13:24:46.000Z
-25.643471564831586,-57.024590014190736,7591.476,0.0,1.7867218,BEAM0000,GEDI02_A_2025156231012_O36711_04_T07075_02_004_02_V002.h5,2025-06-05T23:10:12.000Z
-25.643464963331912,-57.02270988531785,2753.6414,0.0,8.971909,BEAM0000,GEDI02_A_2021354191807_O17120_04_T07075_02_003_02_V002.h5,2021-12-20T19:18:07.000Z
-25.64340510668006,-57.037494128187326,1996.9688,0.0,1.4409676,BEAM0010,GEDI02_A_2021088044333_O12988_04_T07075_02_003_02_V002.h5,2021-03-29T04:43:33.000Z
-25.643402084452532,-57.044644762527234,5304.7266,17.273926,0.98130435,BEAM0011,GEDI02_A_2021088044333_O12988_04_T07075_02_003_02_V002.h5,2021-03-29T04:43:33.000Z
-25.643371467287754,-57.023546994801116,218.40714,0.0,2.8335602,BEAM0000,GEDI02_A_2025156231012_O36711_04_T07075_02_004_02_V002.h5,2025-06-05T23:10:12.000Z
-25.643351642398837,-57.03510066401648,4571.0073,0.0,10.885216,BEAM0010,GEDI02_A_2021354191807_O17120_04_T07075_02_003_02_V002.h5,2021-12-20T19:18:07.000Z
-25.643337518249574,-57.030891737553766,2762.2917,0.0,1.6509368,BEAM0001,GEDI02_A_2021354191807_O17120_04_T07075_02_003_02_V002.h5,2021-12-20T19:18:07.000Z
-25.643301121958533,-57.03296889685658,4671.6226,1.15625,0.92341316,BEAM1000,GEDI02_A_2024244132446_O32393_04_T04229_02_004_04_V002.h5,2024-08-31T13:24:46.000Z
-25.64320666503001,-57.03686975150712,5348.84,24.753906,0.9821157,BEAM0010,GEDI02_A_2021088044333_O12988_04_T07075_02_003_02_V002.h5,2021-03-29T04:43:33.000Z
-25.643205512655484,-57.023454748930774,5315.9927,23.304688,0.9463348,BEAM0000,GEDI02_A_2021088044333_O12988_04_T07075_02_003_02_V002.h5,2021-03-29T04:43:33.000Z
-25.643146940366936,-57.021519313741656,4719.437,0.0,3.1307511,BEAM0110,GEDI02_A_2024244132446_O32393_04_T04229_02_004_04_V002.h5,2024-08-31T13:24:46.000Z
-25.64310775770531,-57.041049371820776,4701.042,18.433594,0.9499117,BEAM1011,GEDI02_A_2024244132446_O32393_04_T04229_02_004_04_V002.h5,2024-08-31T13:24:46.000Z
-25.643082606210836,-57.02496271771879,7591.3022,0.0,2.8992965,BEAM0000,GEDI02_A_2025156231012_O36711_04_T07075_02_004_02_V002.h5,2025-06-05T23:10:12.000Z
-25.642974151464674,-57.03162722340467,5332.5527,4.8999023,0.94078916,BEAM0001,GEDI02_A_2021088044333_O12988_04_T07075_02_003_02_V002.h5,2021-03-29T04:43:33.000Z
-25.642949663819554,-57.03126291245575,2762.4897,0.0,2.4049296,BEAM0001,GEDI02_A_2021354191807_O17120_04_T07075_02_003_02_V002.h5,2021-12-20T19:18:07.000Z
-25.642790978107,-57.04351041390431,4732.837,0.0,1.7348584,BEAM0011,GEDI02_A_2021354191807_O17120_04_T07075_02_003_02_V002.h5,2021-12-20T19:18:07.000Z
-25.64269371945505,-57.025335400974186,7591.264,0.0,2.1882885,BEAM0000,GEDI02_A_2025156231012_O36711_04_T07075_02_004_02_V002.h5,2025-06-05T23:10:12.000Z
-25.642688973355487,-57.023453416231135,2752.7432,0.0,8.487072,BEAM0000,GEDI02_A_2021354191807_O17120_04_T07075_02_003_02_V002.h5,2021-12-20T19:18:07.000Z
-25.64259384229999,-57.02429135296143,218.44487,0.0,19.944592,BEAM0000,GEDI02_A_2025156231012_O36711_04_T07075_02_004_02_V002.h5,2025-06-05T23:10:12.000Z
-25.64257033783575,-57.032005663672734,5363.4624,1.1972656,0.95699996,BEAM0001,GEDI02_A_2021088044333_O12988_04_T07075_02_003_02_V002.h5,2021-03-29T04:43:33.000Z
-25.642561786050493,-57.03163459545105,2761.9412,0.0,4.674421,BEAM0001,GEDI02_A_2021354191807_O17120_04_T07075_02_003_02_V002.h5,2021-12-20T19:18:07.000Z
-25.642523433322665,-57.03371369900532,4670.043,11.790527,0.9436075,BEAM1000,GEDI02_A_2024244132446_O32393_04_T04229_02_004_04_V002.h5,2024-08-31T13:24:46.000Z
-25.642510157684075,-57.02864044079913,2597.112,0.0,3.1734219,BEAM0010,GEDI02_A_2024193193707_O31606_01_T10769_02_004_03_V002.h5,2024-07-11T19:37:07.000Z
-25.642412613453608,-57.024205891549116,5348.802,2.7304688,0.95632255,BEAM0000,GEDI02_A_2021088044333_O12988_04_T07075_02_003_02_V002.h5,2021-03-29T04:43:33.000Z
-25.64240210905313,-57.04388006573241,4732.586,0.0,3.4585986,BEAM0011,GEDI02_A_2021354191807_O17120_04_T07075_02_003_02_V002.h5,2021-12-20T19:18:07.000Z
-25.64230101550366,-57.02382479097958,2752.8467,0.0,16.636854,BEAM0000,GEDI02_A_2021354191807_O17120_04_T07075_02_003_02_V002.h5,2021-12-20T19:18:07.000Z
-25.642192428852127,-57.032371653211875,5340.8247,16.270996,0.9493202,BEAM0001,GEDI02_A_2021088044333_O12988_04_T07075_02_003_02_V002.h5,2021-03-29T04:43:33.000Z
-25.642184194467852,-57.03611279805802,4719.7246,0.0,3.4205709,BEAM0010,GEDI02_A_2021354191807_O17120_04_T07075_02_003_02_V002.h5,2021-12-20T19:18:07.000Z
-25.64217396821199,-57.03200599658102,2761.7207,0.0,2.9026036,BEAM0001,GEDI02_A_2021354191807_O17120_04_T07075_02_003_02_V002.h5,2021-12-20T19:18:07.000Z
-25.642126308858206,-57.034092574133986,4656.9604,25.745117,0.9522362,BEAM1000,GEDI02_A_2024244132446_O32393_04_T04229_02_004_04_V002.h5,2024-08-31T13:24:46.000Z
-25.642120789859998,-57.028268861086325,2596.641,0.0,2.3022878,BEAM0010,GEDI02_A_2024193193707_O31606_01_T10769_02_004_03_V002.h5,2024-07-11T19:37:07.000Z
-25.641820599145365,-57.03439975685165,4780.0806,0.0,3.7824848,BEAM1000,GEDI02_A_2024244132446_O32393_04_T04229_02_004_04_V002.h5,2024-08-31T13:24:46.000Z
-25.64180532295624,-57.03274208668815,5337.2524,10.99707,0.9245399,BEAM0001,GEDI02_A_2021088044333_O12988_04_T07075_02_003_02_V002.h5,2021-03-29T04:43:33.000Z
-25.641786208002927,-57.03237711735899,2761.8262,0.0,3.8128037,BEAM0001,GEDI02_A_2021354191807_O17120_04_T07075_02_003_02_V002.h5,2021-12-20T19:18:07.000Z
-25.641634771764615,-57.02494912839756,5349.2236,0.8979492,0.9464329,BEAM0000,GEDI02_A_2021088044333_O12988_04_T07075_02_003_02_V002.h5,2021-03-29T04:43:33.000Z
-25.641624390428895,-57.04461921397105,4732.341,0.0,2.6797767,BEAM0011,GEDI02_A_2021354191807_O17120_04_T07075_02_003_02_V002.h5,2021-12-20T19:18:07.000Z
-25.64159955654025,-57.03425019749317,7555.7544,0.0,1.5182129,BEAM0001,GEDI02_A_2025156231012_O36711_04_T07075_02_004_02_V002.h5,2025-06-05T23:10:12.000Z
-25.641581648717384,-57.015039165852926,4839.435,0.0,5.063662,BEAM0101,GEDI02_A_2024244132446_O32393_04_T04229_02_004_04_V002.h5,2024-08-31T13:24:46.000Z
-25.641571233406818,-57.02302028496746,4682.762,10.975098,0.92985183,BEAM0110,GEDI02_A_2024244132446_O32393_04_T04229_02_004_04_V002.h5,2024-08-31T13:24:46.000Z
-25.641427005530204,-57.025408496195794,217.83295,0.0,2.683142,BEAM0000,GEDI02_A_2025156231012_O36711_04_T07075_02_004_02_V002.h5,2025-06-05T23:10:12.000Z
-25.641341690519543,-57.02752529882561,2596.6135,0.0,8.566075,BEAM0010,GEDI02_A_2024193193707_O31606_01_T10769_02_004_03_V002.h5,2024-07-11T19:37:07.000Z
-25.641210971658776,-57.03462258947946,7555.903,0.0,2.822091,BEAM0001,GEDI02_A_2025156231012_O36711_04_T07075_02_004_02_V002.h5,2025-06-05T23:10:12.000Z
-25.641182203956607,-57.03916113673627,207.9618,0.0,4.003645,BEAM0010,GEDI02_A_2025156231012_O36711_04_T07075_02_004_02_V002.h5,2025-06-05T23:10:12.000Z
-25.64113816479548,-57.0268262369496,7590.3926,0.0,4.76657,BEAM0000,GEDI02_A_2025156231012_O36711_04_T07075_02_004_02_V002.h5,2025-06-05T23:10:12.000Z
-25.641137141177204,-57.024939351709214,2752.458,0.0,17.496256,BEAM0000,GEDI02_A_2021354191807_O17120_04_T07075_02_003_02_V002.h5,2021-12-20T19:18:07.000Z
-25.64103786765685,-57.025781100521,217.29868,0.0,5.468477,BEAM0000,GEDI02_A_2025156231012_O36711_04_T07075_02_004_02_V002.h5,2025-06-05T23:10:12.000Z
-25.64101719537369,-57.037223937381846,4719.371,0.0,2.3668983,BEAM0010,GEDI02_A_2021354191807_O17120_04_T07075_02_003_02_V002.h5,2021-12-20T19:18:07.000Z
-25.641010659165758,-57.03311952286625,2761.7673,0.0,3.9745777,BEAM0001,GEDI02_A_2021354191807_O17120_04_T07075_02_003_02_V002.h5,2021-12-20T19:18:07.000Z
-25.640895106607772,-57.03908551672845,5306.675,11.254883,0.93616414,BEAM0010,GEDI02_A_2021088044333_O12988_04_T07075_02_003_02_V002.h5,2021-03-29T04:43:33.000Z
-25.640885056135538,-57.0256778383737,5289.3535,0.8227539,0.96103054,BEAM0000,GEDI02_A_2021088044333_O12988_04_T07075_02_003_02_V002.h5,2021-03-29T04:43:33.000Z
-25.640749474417078,-57.0271988448504,7590.5254,0.0,19.35855,BEAM0000,GEDI02_A_2025156231012_O36711_04_T07075_02_004_02_V002.h5,2025-06-05T23:10:12.000Z
-25.640749181583267,-57.02531104367922,2752.0552,0.0,3.276777,BEAM0000,GEDI02_A_2021354191807_O17120_04_T07075_02_003_02_V002.h5,2021-12-20T19:18:07.000Z
-25.640657849322523,-57.03384689220393,5298.2,3.7402344,0.93614864,BEAM0001,GEDI02_A_2021088044333_O12988_04_T07075_02_003_02_V002.h5,2021-03-29T04:43:33.000Z
-25.640649210738058,-57.02615342885506,217.66605,0.0,2.5434382,BEAM0000,GEDI02_A_2025156231012_O36711_04_T07075_02_004_02_V002.h5,2025-06-05T23:10:12.000Z
-25.64062820827151,-57.03759423890632,4719.091,0.0,1.9625949,BEAM0010,GEDI02_A_2021354191807_O17120_04_T07075_02_003_02_V002.h5,2021-12-20T19:18:07.000Z
-25.640622863895814,-57.03349084939039,2761.5427,0.0,6.50765,BEAM0001,GEDI02_A_2021354191807_O17120_04_T07075_02_003_02_V002.h5,2021-12-20T19:18:07.000Z
-25.640563029819592,-57.02678215412137,2596.1187,0.0,2.247912,BEAM0010,GEDI02_A_2024193193707_O31606_01_T10769_02_004_03_V002.h5,2024-07-11T19:37:07.000Z
-25.640361273270084,-57.02568215054387,2752.4883,0.0,2.266157,BEAM0000,GEDI02_A_2021354191807_O17120_04_T07075_02_003_02_V002.h5,2021-12-20T19:18:07.000Z
-25.64036054709704,-57.027571617977266,7590.2124,0.0,1.9029299,BEAM0000,GEDI02_A_2025156231012_O36711_04_T07075_02_004_02_V002.h5,2025-06-05T23:10:12.000Z
-25.64023505528181,-57.03386215401724,2761.3406,0.0,17.923874,BEAM0001,GEDI02_A_2021354191807_O17120_04_T07075_02_003_02_V002.h5,2021-12-20T19:18:07.000Z
-25.640118497472926,-57.039826861081856,5303.938,2.7670898,0.9243112,BEAM0010,GEDI02_A_2021088044333_O12988_04_T07075_02_003_02_V002.h5,2021-03-29T04:43:33.000Z
-25.639971928890343,-57.02794418546492,7590.46,0.0,3.1213264,BEAM0000,GEDI02_A_2025156231012_O36711_04_T07075_02_004_02_V002.h5,2025-06-05T23:10:12.000Z
-25.639880579442522,-57.01805792956202,2563.3425,0.0,30.898148,BEAM0011,GEDI02_A_2024193193707_O31606_01_T10769_02_004_03_V002.h5,2024-07-11T19:37:07.000Z
-25.639850264577166,-57.0383343307635,4718.8574,0.0,2.9953372,BEAM0010,GEDI02_A_2021354191807_O17120_04_T07075_02_003_02_V002.h5,2021-12-20T19:18:07.000Z
-25.639847232193436,-57.03423341609973,2761.1912,0.0,4.524489,BEAM0001,GEDI02_A_2021354191807_O17120_04_T07075_02_003_02_V002.h5,2021-12-20T19:18:07.000Z
-25.639814801745185,-57.04490800609872,1137.8368,72.77368,0.99123305,BEAM1011,GEDI02_A_2022222092210_O20727_01_T09193_02_003_02_V002.h5,2022-08-10T09:22:10.000Z
-25.63969549383297,-57.02680361368304,5338.288,0.18701172,0.9198024,BEAM0000,GEDI02_A_2021088044333_O12988_04_T07075_02_003_02_V002.h5,2021-03-29T04:43:33.000Z
-25.63965627875854,-57.03611211466759,7555.699,0.0,5.335199,BEAM0001,GEDI02_A_2025156231012_O36711_04_T07075_02_004_02_V002.h5,2025-06-05T23:10:12.000Z
-25.639626263365948,-57.024877334564216,4674.206,15.939941,0.9340184,BEAM0110,GEDI02_A_2024244132446_O32393_04_T04229_02_004_04_V002.h5,2024-08-31T13:24:46.000Z
-25.63958541165803,-57.02642519508884,2752.1086,0.0,1.9836018,BEAM0000,GEDI02_A_2021354191807_O17120_04_T07075_02_003_02_V002.h5,2021-12-20T19:18:07.000Z
-25.639468081553737,-57.03497240232905,5347.1978,0.07470703,0.9353899,BEAM0001,GEDI02_A_2021088044333_O12988_04_T07075_02_003_02_V002.h5,2021-03-29T04:43:33.000Z
-25.639461308586053,-57.03870381798394,4719.3755,0.0,3.6643472,BEAM0010,GEDI02_A_2021354191807_O17120_04_T07075_02_003_02_V002.h5,2021-12-20T19:18:07.000Z
-25.63945939438076,-57.03460459829541,2761.1475,0.0,5.3184037,BEAM0001,GEDI02_A_2021354191807_O17120_04_T07075_02_003_02_V002.h5,2021-12-20T19:18:07.000Z
-25.639421969166015,-57.04453411348748,1143.2606,72.13855,0.9883083,BEAM1011,GEDI02_A_2022222092210_O20727_01_T09193_02_003_02_V002.h5,2022-08-10T09:22:10.000Z
-25.639415280031965,-57.03669028703776,4668.3677,1.7910156,0.9390088,BEAM1000,GEDI02_A_2024244132446_O32393_04_T04229_02_004_04_V002.h5,2024-08-31T13:24:46.000Z
-25.639358181815606,-57.02562883874679,2665.4343,0.7841797,0.9207235,BEAM0010,GEDI02_A_2024193193707_O31606_01_T10769_02_004_03_V002.h5,2024-07-11T19:37:07.000Z
-25.63932971089037,-57.0405741233898,5324.3857,11.815918,0.97760195,BEAM0010,GEDI02_A_2021088044333_O12988_04_T07075_02_003_02_V002.h5,2021-03-29T04:43:33.000Z
-25.639288077790848,-57.044713145517946,4796.0015,0.0,2.2965767,BEAM1011,GEDI02_A_2024244132446_O32393_04_T04229_02_004_04_V002.h5,2024-08-31T13:24:46.000Z
-25.639252047280554,-57.017268774574404,4838.9897,0.0,1.8547288,BEAM0101,GEDI02_A_2024244132446_O32393_04_T04229_02_004_04_V002.h5,2024-08-31T13:24:46.000Z
-25.63923782851843,-57.041019546806744,206.00325,0.0,4.864746,BEAM0010,GEDI02_A_2025156231012_O36711_04_T07075_02_004_02_V002.h5,2025-06-05T23:10:12.000Z
-25.63903615941942,-57.03705491088906,4682.19,15.223145,0.9299589,BEAM1000,GEDI02_A_2024244132446_O32393_04_T04229_02_004_04_V002.h5,2024-08-31T13:24:46.000Z
-25.63901656028093,-57.04415308273418,1168.6359,46.32434,0.98400044,BEAM1011,GEDI02_A_2022222092210_O20727_01_T09193_02_003_02_V002.h5,2022-08-10T09:22:10.000Z
-25.638944039944633,-57.04094346985624,5317.909,15.518066,0.9480304,BEAM0010,GEDI02_A_2021088044333_O12988_04_T07075_02_003_02_V002.h5,2021-03-29T04:43:33.000Z
-25.63887860940489,-57.03685690758466,7554.9404,0.0,2.626677,BEAM0001,GEDI02_A_2025156231012_O36711_04_T07075_02_004_02_V002.h5,2025-06-05T23:10:12.000Z
-25.638863996079994,-57.01764007616987,4839.1904,0.0,5.669501,BEAM0101,GEDI02_A_2024244132446_O32393_04_T04229_02_004_04_V002.h5,2024-08-31T13:24:46.000Z
-25.638849482171217,-57.02561892398696,4672.306,24.302246,0.9572989,BEAM0110,GEDI02_A_2024244132446_O32393_04_T04229_02_004_04_V002.h5,2024-08-31T13:24:46.000Z
-25.638809577656566,-57.02716823793186,2751.6729,0.0,4.354242,BEAM0000,GEDI02_A_2021354191807_O17120_04_T07075_02_003_02_V002.h5,2021-12-20T19:18:07.000Z
-25.638805444899997,-57.029062301121506,7589.964,0.0,1.8815404,BEAM0000,GEDI02_A_2025156231012_O36711_04_T07075_02_004_02_V002.h5,2025-06-05T23:10:12.000Z
-25.6386228062504,-57.043778677013115,1175.5569,33.996094,0.9810008,BEAM1011,GEDI02_A_2022222092210_O20727_01_T09193_02_003_02_V002.h5,2022-08-10T09:22:10.000Z
-25.63854470382116,-57.041319516965046,5337.5503,4.150879,0.90942895,BEAM0010,GEDI02_A_2021088044333_O12988_04_T07075_02_003_02_V002.h5,2021-03-29T04:43:33.000Z
-25.63847387308277,-57.02598030119999,4691.1494,16.051758,0.9730201,BEAM0110,GEDI02_A_2024244132446_O32393_04_T04229_02_004_04_V002.h5,2024-08-31T13:24:46.000Z
-25.638421687533604,-57.02753954891009,2751.737,0.0,1.7746016,BEAM0000,GEDI02_A_2021354191807_O17120_04_T07075_02_003_02_V002.h5,2021-12-20T19:18:07.000Z
-25.638320054108622,-57.036078312011085,5310.558,10.173828,0.9270553,BEAM0001,GEDI02_A_2021088044333_O12988_04_T07075_02_003_02_V002.h5,2021-03-29T04:43:33.000Z
-25.638294511080957,-57.03981354237891,4718.4185,0.0,2.4164424,BEAM0010,GEDI02_A_2021354191807_O17120_04_T07075_02_003_02_V002.h5,2021-12-20T19:18:07.000Z
-25.63825954310905,-57.04342159157092,1134.1626,65.00427,0.980409,BEAM1011,GEDI02_A_2022222092210_O20727_01_T09193_02_003_02_V002.h5,2022-08-10T09:22:10.000Z
-25.638149712484935,-57.02828375578352,5317.2324,0.33642578,0.91769993,BEAM0000,GEDI02_A_2021088044333_O12988_04_T07075_02_003_02_V002.h5,2021-03-29T04:43:33.000Z
-25.638147284379702,-57.04169463025307,5353.521,7.067383,0.93857,BEAM0010,GEDI02_A_2021088044333_O12988_04_T07075_02_003_02_V002.h5,2021-03-29T04:43:33.000Z
-25.63808838174752,-57.02634885361114,4694.5723,11.422852,0.95601463,BEAM0110,GEDI02_A_2024244132446_O32393_04_T04229_02_004_04_V002.h5,2024-08-31T13:24:46.000Z
-25.638072085565586,-57.04213439044223,206.31625,0.0,2.857332,BEAM0010,GEDI02_A_2025156231012_O36711_04_T07075_02_004_02_V002.h5,2025-06-05T23:10:12.000Z
-25.638033789592107,-57.02791106242128,2751.4907,0.0,3.0285316,BEAM0000,GEDI02_A_2021354191807_O17120_04_T07075_02_003_02_V002.h5,2021-12-20T19:18:07.000Z
-25.638027738066622,-57.029807715518515,7589.471,0.0,2.1302686,BEAM0000,GEDI02_A_2025156231012_O36711_04_T07075_02_004_02_V002.h5,2025-06-05T23:10:12.000Z
-25.63784540129945,-57.04303561444636,1173.4725,24.880981,0.96974534,BEAM1011,GEDI02_A_2022222092210_O20727_01_T09193_02_003_02_V002.h5,2022-08-10T09:22:10.000Z
-25.63777608142028,-57.04205691324644,5319.317,18.808594,0.94739145,BEAM0010,GEDI02_A_2021088044333_O12988_04_T07075_02_003_02_V002.h5,2021-03-29T04:43:33.000Z
-25.637712705013957,-57.03797339419012,7554.9365,0.0,4.0447235,BEAM0001,GEDI02_A_2025156231012_O36711_04_T07075_02_004_02_V002.h5,2025-06-05T23:10:12.000Z
-25.637704492079965,-57.02671618683661,4700.4316,43.452637,0.9776216,BEAM0110,GEDI02_A_2024244132446_O32393_04_T04229_02_004_04_V002.h5,2024-08-31T13:24:46.000Z
-25.637639027830716,-57.03018031125542,7589.4697,0.0,2.3395922,BEAM0000,GEDI02_A_2025156231012_O36711_04_T07075_02_004_02_V002.h5,2025-06-05T23:10:12.000Z
-25.637533630682288,-57.03682597560184,5330.078,0.6357422,0.90013677,BEAM0001,GEDI02_A_2021088044333_O12988_04_T07075_02_003_02_V002.h5,2021-03-29T04:43:33.000Z
-25.637532714041605,-57.037915630582994,2624.1616,2.2021484,0.90510076,BEAM0000,GEDI02_A_2024193193707_O31606_01_T10769_02_004_03_V002.h5,2024-07-11T19:37:07.000Z
-25.63751979507616,-57.036460748093866,2760.491,0.0,2.0970132,BEAM0001,GEDI02_A_2021354191807_O17120_04_T07075_02_003_02_V002.h5,2021-12-20T19:18:07.000Z
-25.637516694215332,-57.04055255811334,4718.5933,0.0,2.2522554,BEAM0010,GEDI02_A_2021354191807_O17120_04_T07075_02_003_02_V002.h5,2021-12-20T19:18:07.000Z
-25.637462518137166,-57.0426673930594,1163.2662,42.96216,0.9776586,BEAM1011,GEDI02_A_2022222092210_O20727_01_T09193_02_003_02_V002.h5,2022-08-10T09:22:10.000Z
-25.63733648346553,-57.02707186187116,4730.9224,10.713867,0.9621685,BEAM0110,GEDI02_A_2024244132446_O32393_04_T04229_02_004_04_V002.h5,2024-08-31T13:24:46.000Z
-25.637323823743113,-57.038345648131774,7554.4736,0.0,4.0852547,BEAM0001,GEDI02_A_2025156231012_O36711_04_T07075_02_004_02_V002.h5,2025-06-05T23:10:12.000Z
-25.637258038253133,-57.02865382285534,2751.3325,0.0,3.6392653,BEAM0000,GEDI02_A_2021354191807_O17120_04_T07075_02_003_02_V002.h5,2021-12-20T19:18:07.000Z
-25.637250390198997,-57.03055284503371,7589.589,0.0,2.258776,BEAM0000,GEDI02_A_2025156231012_O36711_04_T07075_02_004_02_V002.h5,2025-06-05T23:10:12.000Z
-25.637238142562502,-57.01917679842797,4727.907,10.152832,0.93496215,BEAM0101,GEDI02_A_2024244132446_O32393_04_T04229_02_004_04_V002.h5,2024-08-31T13:24:46.000Z
-25.637131780467527,-57.036831903239865,2760.4524,0.0,1.9641927,BEAM0001,GEDI02_A_2021354191807_O17120_04_T07075_02_003_02_V002.h5,2021-12-20T19:18:07.000Z
-25.637127802386313,-57.04092235670613,4718.1714,0.0,2.056266,BEAM0010,GEDI02_A_2021354191807_O17120_04_T07075_02_003_02_V002.h5,2021-12-20T19:18:07.000Z
-25.637072182652076,-57.04229494190937,1164.9244,38.292847,0.9702481,BEAM1011,GEDI02_A_2022222092210_O20727_01_T09193_02_003_02_V002.h5,2022-08-10T09:22:10.000Z
-25.636977311127634,-57.04280922426199,5358.437,7.14209,0.95331204,BEAM0010,GEDI02_A_2021088044333_O12988_04_T07075_02_003_02_V002.h5,2021-03-29T04:43:33.000Z
-25.63697393798667,-57.044261588438545,9145.315,0.0,10.927693,BEAM0010,GEDI02_A_2025156231012_O36711_04_T07075_02_004_02_V002.h5,2025-06-05T23:10:12.000Z
-25.636966000558214,-57.027429299706036,4757.515,17.171875,0.9836657,BEAM0110,GEDI02_A_2024244132446_O32393_04_T04229_02_004_04_V002.h5,2024-08-31T13:24:46.000Z
-25.636835236711917,-57.01955834747341,4705.4087,19.297852,0.9616689,BEAM0101,GEDI02_A_2024244132446_O32393_04_T04229_02_004_04_V002.h5,2024-08-31T13:24:46.000Z
-25.636739709800977,-57.01505822962156,2615.6252,1.4191895,0.9355046,BEAM0011,GEDI02_A_2024193193707_O31606_01_T10769_02_004_03_V002.h5,2024-07-11T19:37:07.000Z
-25.636738918358134,-57.04129196540442,4718.0044,0.0,9.377033,BEAM0010,GEDI02_A_2021354191807_O17120_04_T07075_02_003_02_V002.h5,2021-12-20T19:18:07.000Z
-25.636662773520378,-57.04191166055023,1196.8805,32.687134,0.97459465,BEAM1011,GEDI02_A_2022222092210_O20727_01_T09193_02_003_02_V002.h5,2022-08-10T09:22:10.000Z
-25.63660436852978,-57.02976352476205,5295.416,19.563965,0.94437987,BEAM0000,GEDI02_A_2021088044333_O12988_04_T07075_02_003_02_V002.h5,2021-03-29T04:43:33.000Z
-25.636595913843635,-57.04317659533188,5343.6255,8.824219,0.9519009,BEAM0010,GEDI02_A_2021088044333_O12988_04_T07075_02_003_02_V002.h5,2021-03-29T04:43:33.000Z
-25.636563915593214,-57.02780979633853,4734.932,11.498047,0.9705119,BEAM0110,GEDI02_A_2024244132446_O32393_04_T04229_02_004_04_V002.h5,2024-08-31T13:24:46.000Z
-25.636463029190903,-57.019918181430114,4729.477,18.327637,0.9888752,BEAM0101,GEDI02_A_2024244132446_O32393_04_T04229_02_004_04_V002.h5,2024-08-31T13:24:46.000Z
-25.636355624747285,-57.03757426697324,2760.2915,0.0,2.5922241,BEAM0001,GEDI02_A_2021354191807_O17120_04_T07075_02_003_02_V002.h5,2021-12-20T19:18:07.000Z
-25.63627171355362,-57.03969330895731,4613.5625,8.320801,0.9580451,BEAM1000,GEDI02_A_2024244132446_O32393_04_T04229_02_004_04_V002.h5,2024-08-31T13:24:46.000Z
-25.636269265574324,-57.04153741178011,1203.6903,31.603516,0.9919528,BEAM1011,GEDI02_A_2022222092210_O20727_01_T09193_02_003_02_V002.h5,2022-08-10T09:22:10.000Z
-25.63621712182478,-57.03013394565509,5291.9795,21.733398,0.9487124,BEAM0000,GEDI02_A_2021088044333_O12988_04_T07075_02_003_02_V002.h5,2021-03-29T04:43:33.000Z
-25.63620402357282,-57.028159414470394,4777.9146,4.0317383,0.9641256,BEAM0110,GEDI02_A_2024244132446_O32393_04_T04229_02_004_04_V002.h5,2024-08-31T13:24:46.000Z
-25.636146834935452,-57.02023843512383,4838.5483,0.0,8.066903,BEAM0101,GEDI02_A_2024244132446_O32393_04_T04229_02_004_04_V002.h5,2024-08-31T13:24:46.000Z
-25.636094452361764,-57.0297680253357,2750.8765,0.0,6.750676,BEAM0000,GEDI02_A_2021354191807_O17120_04_T07075_02_003_02_V002.h5,2021-12-20T19:18:07.000Z
-25.63596117713994,-57.04203105827325,4717.8193,0.0,10.407166,BEAM0010,GEDI02_A_2021354191807_O17120_04_T07075_02_003_02_V002.h5,2021-12-20T19:18:07.000Z
-25.63590018029966,-57.040051775409694,4638.456,0.29882812,0.9649843,BEAM1000,GEDI02_A_2024244132446_O32393_04_T04229_02_004_04_V002.h5,2024-08-31T13:24:46.000Z
-25.635874347141296,-57.04116236313366,1212.8065,29.772339,0.95761085,BEAM1011,GEDI02_A_2022222092210_O20727_01_T09193_02_003_02_V002.h5,2022-08-10T09:22:10.000Z
-25.635850867178803,-57.04390272768967,5280.1396,0.37402344,0.9460766,BEAM0010,GEDI02_A_2021088044333_O12988_04_T07075_02_003_02_V002.h5,2021-03-29T04:43:33.000Z
-25.635825628872052,-57.03050654159357,5297.661,3.1420898,0.9517539,BEAM0000,GEDI02_A_2021088044333_O12988_04_T07075_02_003_02_V002.h5,2021-03-29T04:43:33.000Z
-25.63582080824619,-57.0285260496676,4784.6123,22.697266,0.9733499,BEAM0110,GEDI02_A_2024244132446_O32393_04_T04229_02_004_04_V002.h5,2024-08-31T13:24:46.000Z
-25.635695116340216,-57.032043291221434,7588.572,0.0,6.5083237,BEAM0000,GEDI02_A_2025156231012_O36711_04_T07075_02_004_02_V002.h5,2025-06-05T23:10:12.000Z
-25.63559613402453,-57.03868196138867,5320.6333,3.0673828,0.93026584,BEAM0001,GEDI02_A_2021088044333_O12988_04_T07075_02_003_02_V002.h5,2021-03-29T04:43:33.000Z
-25.635572053952703,-57.042342534299266,4804.526,0.0,2.6038547,BEAM0010,GEDI02_A_2021354191807_O17120_04_T07075_02_003_02_V002.h5,2021-12-20T19:18:07.000Z
-25.635501447233104,-57.04079981876909,1187.0907,61.003174,0.9670496,BEAM1011,GEDI02_A_2022222092210_O20727_01_T09193_02_003_02_V002.h5,2022-08-10T09:22:10.000Z
-25.635439377674984,-57.030876494756676,5292.182,7.4814453,0.9630853,BEAM0000,GEDI02_A_2021088044333_O12988_04_T07075_02_003_02_V002.h5,2021-03-29T04:43:33.000Z
-25.63542870210865,-57.02889915668419,4777.4736,28.968262,0.97601384,BEAM0110,GEDI02_A_2024244132446_O32393_04_T04229_02_004_04_V002.h5,2024-08-31T13:24:46.000Z
-25.63531893017884,-57.03051047952269,2750.737,0.0,12.886023,BEAM0000,GEDI02_A_2021354191807_O17120_04_T07075_02_003_02_V002.h5,2021-12-20T19:18:07.000Z
-25.635274191100596,-57.02104833595071,4691.7812,10.302246,0.9431329,BEAM0101,GEDI02_A_2024244132446_O32393_04_T04229_02_004_04_V002.h5,2024-08-31T13:24:46.000Z
-25.635205519192176,-57.039054709555984,5325.2734,0.7480469,0.9380002,BEAM0001,GEDI02_A_2021088044333_O12988_04_T07075_02_003_02_V002.h5,2021-03-29T04:43:33.000Z
-25.635191045302996,-57.03868776066295,2760.1135,0.0,3.7678704,BEAM0001,GEDI02_A_2021354191807_O17120_04_T07075_02_003_02_V002.h5,2021-12-20T19:18:07.000Z
-25.635102882696508,-57.04042270044971,1202.1497,36.98242,0.9716851,BEAM1011,GEDI02_A_2022222092210_O20727_01_T09193_02_003_02_V002.h5,2022-08-10T09:22:10.000Z
-25.635067523209017,-57.03123915709486,5255.974,1.159668,0.96042925,BEAM0000,GEDI02_A_2021088044333_O12988_04_T07075_02_003_02_V002.h5,2021-03-29T04:43:33.000Z
-25.635023109176714,-57.02928209892534,4749.358,36.248047,0.96706283,BEAM0110,GEDI02_A_2024244132446_O32393_04_T04229_02_004_04_V002.h5,2024-08-31T13:24:46.000Z
-25.63493115736113,-57.03088174644536,2750.589,0.0,1.6289432,BEAM0000,GEDI02_A_2021354191807_O17120_04_T07075_02_003_02_V002.h5,2021-12-20T19:18:07.000Z
-25.634895857863917,-57.02141228468355,4706.369,11.347656,0.96651167,BEAM0101,GEDI02_A_2024244132446_O32393_04_T04229_02_004_04_V002.h5,2024-08-31T13:24:46.000Z
-25.634829739847085,-57.041092382328294,4778.7876,0.0,8.532616,BEAM1000,GEDI02_A_2024244132446_O32393_04_T04229_02_004_04_V002.h5,2024-08-31T13:24:46.000Z
-25.63481718418408,-57.039426366274746,5325.2065,14.812012,0.9465065,BEAM0001,GEDI02_A_2021088044333_O12988_04_T07075_02_003_02_V002.h5,2021-03-29T04:43:33.000Z
-25.63479462785343,-57.04313994968193,4717.2856,0.0,1.9477811,BEAM0010,GEDI02_A_2021354191807_O17120_04_T07075_02_003_02_V002.h5,2021-12-20T19:18:07.000Z
-25.634709739235706,-57.04004866040561,1208.7059,32.536987,0.98466104,BEAM1011,GEDI02_A_2022222092210_O20727_01_T09193_02_003_02_V002.h5,2022-08-10T09:22:10.000Z
-25.634636765807976,-57.029650954847156,4751.182,19.225098,0.9765641,BEAM0110,GEDI02_A_2024244132446_O32393_04_T04229_02_004_04_V002.h5,2024-08-31T13:24:46.000Z
-25.63460262156293,-57.04094953371174,7553.319,0.0,3.1465573,BEAM0001,GEDI02_A_2025156231012_O36711_04_T07075_02_004_02_V002.h5,2025-06-05T23:10:12.000Z
-25.63452878642743,-57.03316080019797,7587.8843,0.0,2.110704,BEAM0000,GEDI02_A_2025156231012_O36711_04_T07075_02_004_02_V002.h5,2025-06-05T23:10:12.000Z
-25.634521268829047,-57.02177353943004,4726.5957,0.85839844,0.93492174,BEAM0101,GEDI02_A_2024244132446_O32393_04_T04229_02_004_04_V002.h5,2024-08-31T13:24:46.000Z
-25.63435834024324,-57.04152901940954,4654.821,27.833984,0.9660948,BEAM1000,GEDI02_A_2024244132446_O32393_04_T04229_02_004_04_V002.h5,2024-08-31T13:24:46.000Z
-25.63432067593969,-57.03967693619136,1208.8904,34.105713,0.9777325,BEAM1011,GEDI02_A_2022222092210_O20727_01_T09193_02_003_02_V002.h5,2022-08-10T09:22:10.000Z
-25.6342882549739,-57.02999214680814,4811.8403,8.959473,0.9524596,BEAM0110,GEDI02_A_2024244132446_O32393_04_T04229_02_004_04_V002.h5,2024-08-31T13:24:46.000Z
-25.634272607881574,-57.03199061344627,5293.2104,0.63623047,0.9427267,BEAM0000,GEDI02_A_2021088044333_O12988_04_T07075_02_003_02_V002.h5,2021-03-29T04:43:33.000Z
-25.634167335253945,-57.02212016610654,4778.1333,17.72998,0.9395645,BEAM0101,GEDI02_A_2024244132446_O32393_04_T04229_02_004_04_V002.h5,2024-08-31T13:24:46.000Z
-25.63415559015165,-57.031624162298634,2750.4258,0.0,2.813082,BEAM0000,GEDI02_A_2021354191807_O17120_04_T07075_02_003_02_V002.h5,2021-12-20T19:18:07.000Z
-25.63398551556731,-57.04188834032769,4677.6675,26.938965,0.9643634,BEAM1000,GEDI02_A_2024244132446_O32393_04_T04229_02_004_04_V002.h5,2024-08-31T13:24:46.000Z
-25.633916992065892,-57.0392969084022,1232.361,22.898315,0.98373795,BEAM1011,GEDI02_A_2022222092210_O20727_01_T09193_02_003_02_V002.h5,2022-08-10T09:22:10.000Z
-25.633891891360154,-57.0303683080598,4798.126,12.468262,0.96590376,BEAM0110,GEDI02_A_2024244132446_O32393_04_T04229_02_004_04_V002.h5,2024-08-31T13:24:46.000Z
-25.633851632953128,-57.0323783573834,5362.2026,1.8701172,0.9325963,BEAM0000,GEDI02_A_2021088044333_O12988_04_T07075_02_003_02_V002.h5,2021-03-29T04:43:33.000Z
-25.63379776507983,-57.02247777472657,4805.879,1.9785156,0.95607173,BEAM0101,GEDI02_A_2024244132446_O32393_04_T04229_02_004_04_V002.h5,2024-08-31T13:24:46.000Z
-25.633628144649148,-57.044248745789474,4717.3726,0.0,61.65974,BEAM0010,GEDI02_A_2021354191807_O17120_04_T07075_02_003_02_V002.h5,2021-12-20T19:18:07.000Z
-25.633626365935392,-57.04223690236608,4720.8525,25.894043,0.97536063,BEAM1000,GEDI02_A_2024244132446_O32393_04_T04229_02_004_04_V002.h5,2024-08-31T13:24:46.000Z
-25.633533633478148,-57.03892842118572,1223.721,32.423706,0.98130834,BEAM1011,GEDI02_A_2022222092210_O20727_01_T09193_02_003_02_V002.h5,2022-08-10T09:22:10.000Z
-25.633498382202657,-57.03074238106053,4788.886,17.433105,0.9912047,BEAM0110,GEDI02_A_2024244132446_O32393_04_T04229_02_004_04_V002.h5,2024-08-31T13:24:46.000Z
-25.633484895306076,-57.037337599273506,161.38806,18.781189,0.9285895,BEAM0011,GEDI02_A_2024252101809_O32515_04_T07075_02_004_02_V002.h5,2024-09-08T10:18:09.000Z
-25.633468076554106,-57.032747128420795,5351.276,0.56103516,0.9348494,BEAM0000,GEDI02_A_2021088044333_O12988_04_T07075_02_003_02_V002.h5,2021-03-29T04:43:33.000Z
-25.633362885626106,-57.034277760264196,7587.8965,0.0,29.028955,BEAM0000,GEDI02_A_2025156231012_O36711_04_T07075_02_004_02_V002.h5,2025-06-05T23:10:12.000Z
-25.633344408689748,-57.02289445457725,4706.365,26.875488,0.9570433,BEAM0101,GEDI02_A_2024244132446_O32393_04_T04229_02_004_04_V002.h5,2024-08-31T13:24:46.000Z
-25.63323933141049,-57.044618678808106,4717.0737,0.0,5.32215,BEAM0010,GEDI02_A_2021354191807_O17120_04_T07075_02_003_02_V002.h5,2021-12-20T19:18:07.000Z
-25.633208869534627,-57.04263116567313,4677.094,34.36377,0.97455215,BEAM1000,GEDI02_A_2024244132446_O32393_04_T04229_02_004_04_V002.h5,2024-08-31T13:24:46.000Z
-25.633136788518613,-57.038552273394735,1236.5764,22.076294,0.9696643,BEAM1011,GEDI02_A_2022222092210_O20727_01_T09193_02_003_02_V002.h5,2022-08-10T09:22:10.000Z
-25.6330907253522,-57.031126796552805,4757.6924,24.563477,0.96265036,BEAM0110,GEDI02_A_2024244132446_O32393_04_T04229_02_004_04_V002.h5,2024-08-31T13:24:46.000Z
-25.63309032623515,-57.03311300196963,5328.013,2.1323242,0.94196016,BEAM0000,GEDI02_A_2021088044333_O12988_04_T07075_02_003_02_V002.h5,2021-03-29T04:43:33.000Z
-25.633063965218543,-57.02318906756285,4869.326,0.0,11.517065,BEAM0101,GEDI02_A_2024244132446_O32393_04_T04229_02_004_04_V002.h5,2024-08-31T13:24:46.000Z
-25.63299211112812,-57.03273787332168,2749.9739,0.0,3.472338,BEAM0000,GEDI02_A_2021354191807_O17120_04_T07075_02_003_02_V002.h5,2021-12-20T19:18:07.000Z
-25.63297408131813,-57.034650129663575,7587.5747,0.0,2.3906353,BEAM0000,GEDI02_A_2025156231012_O36711_04_T07075_02_004_02_V002.h5,2025-06-05T23:10:12.000Z
-25.632850525689648,-57.04498877440909,4716.639,0.0,3.662921,BEAM0010,GEDI02_A_2021354191807_O17120_04_T07075_02_003_02_V002.h5,2021-12-20T19:18:07.000Z
-25.632818420800167,-57.043004182488424,4673.5967,23.20752,0.9699817,BEAM1000,GEDI02_A_2024244132446_O32393_04_T04229_02_004_04_V002.h5,2024-08-31T13:24:46.000Z
-25.632752929209243,-57.03818349761741,1228.949,21.814941,0.981388,BEAM1011,GEDI02_A_2022222092210_O20727_01_T09193_02_003_02_V002.h5,2022-08-10T09:22:10.000Z
-25.632722340311695,-57.02987375083983,145.31084,16.431396,0.9150814,BEAM0010,GEDI02_A_2024252101809_O32515_04_T07075_02_004_02_V002.h5,2024-09-08T10:18:09.000Z
-25.63258558501667,-57.035022256550185,7587.8213,0.0,10.15549,BEAM0000,GEDI02_A_2025156231012_O36711_04_T07075_02_004_02_V002.h5,2025-06-05T23:10:12.000Z
-25.63249312741023,-57.04165323130567,5312.2925,0.4116211,0.90955454,BEAM0001,GEDI02_A_2021088044333_O12988_04_T07075_02_003_02_V002.h5,2021-03-29T04:43:33.000Z
-25.632471715050652,-57.04128643062464,2758.9075,0.0,3.684104,BEAM0001,GEDI02_A_2021354191807_O17120_04_T07075_02_003_02_V002.h5,2021-12-20T19:18:07.000Z
-25.63246989248315,-57.0433442924644,4732.5127,50.78076,0.9877346,BEAM1000,GEDI02_A_2024244132446_O32393_04_T04229_02_004_04_V002.h5,2024-08-31T13:24:46.000Z
-25.632361735112607,-57.037810556596725,1233.045,28.128052,0.95049727,BEAM1011,GEDI02_A_2022222092210_O20727_01_T09193_02_003_02_V002.h5,2022-08-10T09:22:10.000Z
-25.632302036101162,-57.031876197645204,4736.882,27.811035,0.98550695,BEAM0110,GEDI02_A_2024244132446_O32393_04_T04229_02_004_04_V002.h5,2024-08-31T13:24:46.000Z
-25.632287996496135,-57.023929907761996,4868.539,0.0,1.8841774,BEAM0101,GEDI02_A_2024244132446_O32393_04_T04229_02_004_04_V002.h5,2024-08-31T13:24:46.000Z
-25.632216360145538,-57.033480128138855,2749.9475,0.0,12.06539,BEAM0000,GEDI02_A_2021354191807_O17120_04_T07075_02_003_02_V002.h5,2021-12-20T19:18:07.000Z
-25.632115914090953,-57.042019417198624,5289.0864,1.5708008,0.96722823,BEAM0001,GEDI02_A_2021088044333_O12988_04_T07075_02_003_02_V002.h5,2021-03-29T04:43:33.000Z
-25.632101323179974,-57.04013682584249,151.60657,32.396652,0.96583194,BEAM0011,GEDI02_A_2022340103703_O22558_01_T02231_02_003_02_V002.h5,2022-12-06T10:37:03.000Z
-25.63205777351918,-57.04373420628788,4696.6665,38.953125,0.98303753,BEAM1000,GEDI02_A_2024244132446_O32393_04_T04229_02_004_04_V002.h5,2024-08-31T13:24:46.000Z
-25.63197465860704,-57.03743995418067,1230.6974,35.374146,0.97325706,BEAM1011,GEDI02_A_2022222092210_O20727_01_T09193_02_003_02_V002.h5,2022-08-10T09:22:10.000Z
-25.631905849026776,-57.032252266535856,4723.715,23.66748,0.95681924,BEAM0110,GEDI02_A_2024244132446_O32393_04_T04229_02_004_04_V002.h5,2024-08-31T13:24:46.000Z
-25.631900730520492,-57.02429974230005,4869.1543,0.0,7.0258665,BEAM0101,GEDI02_A_2024244132446_O32393_04_T04229_02_004_04_V002.h5,2024-08-31T13:24:46.000Z
-25.63173328079625,-57.01840237541007,157.41858,10.818924,0.9143303,BEAM0010,GEDI02_A_2020124150548_O07879_04_T04229_02_003_01_V002.h5,2020-05-03T15:05:48.000Z
-25.631726334023774,-57.04239151057598,5291.41,0.2993164,0.95138574,BEAM0001,GEDI02_A_2021088044333_O12988_04_T07075_02_003_02_V002.h5,2021-03-29T04:43:33.000Z
-25.631573426332924,-57.037061341166286,1250.9696,36.157104,0.9709746,BEAM1011,GEDI02_A_2022222092210_O20727_01_T09193_02_003_02_V002.h5,2022-08-10T09:22:10.000Z
-25.63155018113816,-57.034591869692484,5298.086,0.37402344,0.92354393,BEAM0000,GEDI02_A_2021088044333_O12988_04_T07075_02_003_02_V002.h5,2021-03-29T04:43:33.000Z
-25.631528295395842,-57.02645767750765,144.51266,20.192856,0.98676103,BEAM1000,GEDI02_A_2020296185923_O10548_04_T09921_02_003_02_V002.h5,2020-10-22T18:59:23.000Z
-25.631440479876492,-57.03422253234806,2749.6763,0.0,11.41044,BEAM0000,GEDI02_A_2021354191807_O17120_04_T07075_02_003_02_V002.h5,2021-12-20T19:18:07.000Z
-25.631330594535306,-57.042766521257306,5306.4136,0.56103516,0.93901825,BEAM0001,GEDI02_A_2021088044333_O12988_04_T07075_02_003_02_V002.h5,2021-03-29T04:43:33.000Z
-25.63131315912928,-57.01778411580544,6092.0874,0.0,5.9051967,BEAM0010,GEDI02_A_2024193193707_O31606_01_T10769_02_004_03_V002.h5,2024-07-11T19:37:07.000Z
-25.63130553969478,-57.04239944940688,2759.1472,0.0,3.3996577,BEAM0001,GEDI02_A_2021354191807_O17120_04_T07075_02_003_02_V002.h5,2021-12-20T19:18:07.000Z
-25.63119976866071,-57.01783925709702,2641.1892,1.0083008,0.9575783,BEAM0010,GEDI02_A_2024193193707_O31606_01_T10769_02_004_03_V002.h5,2024-07-11T19:37:07.000Z
-25.631182705214027,-57.03668870964452,1254.6827,25.28833,0.9749624,BEAM1011,GEDI02_A_2022222092210_O20727_01_T09193_02_003_02_V002.h5,2022-08-10T09:22:10.000Z
-25.631145789477383,-57.044995445553994,1173.7256,74.03845,0.98889405,BEAM1000,GEDI02_A_2022222092210_O20727_01_T09193_02_003_02_V002.h5,2022-08-10T09:22:10.000Z
-25.6311253027745,-57.0250398864237,4868.8545,0.0,1.99958,BEAM0101,GEDI02_A_2024244132446_O32393_04_T04229_02_004_04_V002.h5,2024-08-31T13:24:46.000Z
-25.6310524836128,-57.03459379693761,2749.4414,0.0,2.8582761,BEAM0000,GEDI02_A_2021354191807_O17120_04_T07075_02_003_02_V002.h5,2021-12-20T19:18:07.000Z
-25.63079360500161,-57.03631700157832,1255.8745,33.3938,0.9801235,BEAM1011,GEDI02_A_2022222092210_O20727_01_T09193_02_003_02_V002.h5,2022-08-10T09:22:10.000Z
-25.630775016815086,-57.033338408150314,4774.4326,26.243164,0.9666328,BEAM0110,GEDI02_A_2024244132446_O32393_04_T04229_02_004_04_V002.h5,2024-08-31T13:24:46.000Z
-25.630727084397133,-57.04460591643555,1221.761,38.325806,0.9748557,BEAM1000,GEDI02_A_2022222092210_O20727_01_T09193_02_003_02_V002.h5,2022-08-10T09:22:10.000Z
-25.630605013898265,-57.044249661562326,3640.8218,0.0,2.0134985,BEAM0001,GEDI02_A_2025156231012_O36711_04_T07075_02_004_02_V002.h5,2025-06-05T23:10:12.000Z
-25.630564276818973,-57.043504284439955,5284.184,1.1220703,0.9207783,BEAM0001,GEDI02_A_2021088044333_O12988_04_T07075_02_003_02_V002.h5,2021-03-29T04:43:33.000Z
-25.63053512482243,-57.01704095338832,6091.629,0.0,2.7905893,BEAM0010,GEDI02_A_2024193193707_O31606_01_T10769_02_004_03_V002.h5,2024-07-11T19:37:07.000Z
-25.630404699125766,-57.015774639602675,165.84604,13.075455,0.9704169,BEAM0110,GEDI02_A_2020296185923_O10548_04_T09921_02_003_02_V002.h5,2020-10-22T18:59:23.000Z
-25.63040194524476,-57.035943844630324,1261.1633,27.677734,0.98227245,BEAM1011,GEDI02_A_2022222092210_O20727_01_T09193_02_003_02_V002.h5,2022-08-10T09:22:10.000Z
-25.630386697249865,-57.03370882080238,4773.8286,37.367676,0.9611271,BEAM0110,GEDI02_A_2024244132446_O32393_04_T04229_02_004_04_V002.h5,2024-08-31T13:24:46.000Z
-25.63033739262977,-57.044233776349955,1223.6351,48.634888,0.9772784,BEAM1000,GEDI02_A_2022222092210_O20727_01_T09193_02_003_02_V002.h5,2022-08-10T09:22:10.000Z
-25.630216201235097,-57.04462130769256,3640.6335,0.0,4.3289447,BEAM0001,GEDI02_A_2025156231012_O36711_04_T07075_02_004_02_V002.h5,2025-06-05T23:10:12.000Z
-25.630018068867066,-57.03246627314692,159.02577,24.628479,0.92369384,BEAM0010,GEDI02_A_2024252101809_O32515_04_T07075_02_004_02_V002.h5,2024-09-08T10:18:09.000Z
-25.630009533677715,-57.035570266003546,1267.672,39.629517,0.97722334,BEAM1011,GEDI02_A_2022222092210_O20727_01_T09193_02_003_02_V002.h5,2022-08-10T09:22:10.000Z
-25.630009523251985,-57.034071119205635,4790.647,31.096191,0.96831495,BEAM0110,GEDI02_A_2024244132446_O32393_04_T04229_02_004_04_V002.h5,2024-08-31T13:24:46.000Z
-25.629962578481503,-57.02614946362368,4868.7026,0.0,1.7552449,BEAM0101,GEDI02_A_2024244132446_O32393_04_T04229_02_004_04_V002.h5,2024-08-31T13:24:46.000Z
-25.62996141242266,-57.043869877220985,1203.822,64.39856,0.9748616,BEAM1000,GEDI02_A_2022222092210_O20727_01_T09193_02_003_02_V002.h5,2022-08-10T09:22:10.000Z
-25.629888282518888,-57.03570718814111,2749.301,0.0,2.0002809,BEAM0000,GEDI02_A_2021354191807_O17120_04_T07075_02_003_02_V002.h5,2021-12-20T19:18:07.000Z
-25.629864439599704,-57.0376271436189,7586.559,0.0,14.442848,BEAM0000,GEDI02_A_2025156231012_O36711_04_T07075_02_004_02_V002.h5,2025-06-05T23:10:12.000Z
-25.629613249546498,-57.03519449472474,1280.3356,38.13379,0.9788333,BEAM1011,GEDI02_A_2022222092210_O20727_01_T09193_02_003_02_V002.h5,2022-08-10T09:22:10.000Z
-25.629603614403408,-57.03445445002025,4762.891,48.15625,0.99439746,BEAM0110,GEDI02_A_2024244132446_O32393_04_T04229_02_004_04_V002.h5,2024-08-31T13:24:46.000Z
-25.62959914090214,-57.03645448398123,5317.274,1.9824219,0.95732987,BEAM0000,GEDI02_A_2021088044333_O12988_04_T07075_02_003_02_V002.h5,2021-03-29T04:43:33.000Z
-25.62955521909921,-57.04348788183783,1232.2445,35.860107,0.9693637,BEAM1000,GEDI02_A_2022222092210_O20727_01_T09193_02_003_02_V002.h5,2022-08-10T09:22:10.000Z
-25.629475750913087,-57.03799906810446,7586.4946,0.0,13.105914,BEAM0000,GEDI02_A_2025156231012_O36711_04_T07075_02_004_02_V002.h5,2025-06-05T23:10:12.000Z
-25.62942697739587,-57.01560824345997,8864.767,0.0,3.634389,BEAM0011,GEDI02_A_2024244132446_O32393_04_T04229_02_004_04_V002.h5,2024-08-31T13:24:46.000Z
-25.62924316096436,-57.015968502861995,2660.604,0.5227051,0.94315493,BEAM0010,GEDI02_A_2024193193707_O31606_01_T10769_02_004_03_V002.h5,2024-07-11T19:37:07.000Z
-25.629231850759997,-57.03482718103555,1269.4026,31.934937,0.97423667,BEAM1011,GEDI02_A_2022222092210_O20727_01_T09193_02_003_02_V002.h5,2022-08-10T09:22:10.000Z
-25.62921166198316,-57.03482761873745,4756.94,50.76953,0.97621083,BEAM0110,GEDI02_A_2024244132446_O32393_04_T04229_02_004_04_V002.h5,2024-08-31T13:24:46.000Z
-25.6291594881245,-57.04311215756358,1244.0247,37.87622,0.9733327,BEAM1000,GEDI02_A_2022222092210_O20727_01_T09193_02_003_02_V002.h5,2022-08-10T09:22:10.000Z
-25.629086772502383,-57.03837114544253,7585.9062,0.0,1.9317802,BEAM0000,GEDI02_A_2025156231012_O36711_04_T07075_02_004_02_V002.h5,2025-06-05T23:10:12.000Z
-25.628972165136933,-57.04462579742569,2757.8887,0.0,1.9062223,BEAM0001,GEDI02_A_2021354191807_O17120_04_T07075_02_003_02_V002.h5,2021-12-20T19:18:07.000Z
-25.628839326063627,-57.03445355827411,1276.1013,30.253906,0.98132706,BEAM1011,GEDI02_A_2022222092210_O20727_01_T09193_02_003_02_V002.h5,2022-08-10T09:22:10.000Z
-25.628823586112894,-57.03519799458241,4757.127,39.04785,0.9837267,BEAM0110,GEDI02_A_2024244132446_O32393_04_T04229_02_004_04_V002.h5,2024-08-31T13:24:46.000Z
-25.628779243235606,-57.04274571439323,1231.1404,55.731445,0.98434955,BEAM1000,GEDI02_A_2022222092210_O20727_01_T09193_02_003_02_V002.h5,2022-08-10T09:22:10.000Z
-25.628769311513107,-57.027280298981964,4821.999,18.365234,0.9574045,BEAM0101,GEDI02_A_2024244132446_O32393_04_T04229_02_004_04_V002.h5,2024-08-31T13:24:46.000Z
-25.62872364764305,-57.036820719127185,2748.9426,0.0,2.7409437,BEAM0000,GEDI02_A_2021354191807_O17120_04_T07075_02_003_02_V002.h5,2021-12-20T19:18:07.000Z
-25.628698142789105,-57.03874294660366,7585.973,0.0,2.047117,BEAM0000,GEDI02_A_2025156231012_O36711_04_T07075_02_004_02_V002.h5,2025-06-05T23:10:12.000Z
-25.62858319247286,-57.04499647464023,2757.9912,0.0,1.8691046,BEAM0001,GEDI02_A_2021354191807_O17120_04_T07075_02_003_02_V002.h5,2021-12-20T19:18:07.000Z
-25.62845487749421,-57.034084529493995,1269.979,49.0791,0.97586626,BEAM1011,GEDI02_A_2022222092210_O20727_01_T09193_02_003_02_V002.h5,2022-08-10T09:22:10.000Z
-25.62842425974147,-57.03557663409065,4739.9365,18.88916,0.94741964,BEAM0110,GEDI02_A_2024244132446_O32393_04_T04229_02_004_04_V002.h5,2024-08-31T13:24:46.000Z
-25.628377455568764,-57.04236637224928,1252.6301,34.214478,0.9839564,BEAM1000,GEDI02_A_2022222092210_O20727_01_T09193_02_003_02_V002.h5,2022-08-10T09:22:10.000Z
-25.628358820281193,-57.02766618908792,4787.102,30.458984,0.96011484,BEAM0101,GEDI02_A_2024244132446_O32393_04_T04229_02_004_04_V002.h5,2024-08-31T13:24:46.000Z
-25.628261545045195,-57.01672240312407,8864.811,0.0,6.6229024,BEAM0011,GEDI02_A_2024244132446_O32393_04_T04229_02_004_04_V002.h5,2024-08-31T13:24:46.000Z
-25.628097195328507,-57.03590251684866,4835.2173,0.0,3.5747402,BEAM0110,GEDI02_A_2024244132446_O32393_04_T04229_02_004_04_V002.h5,2024-08-31T13:24:46.000Z
-25.628051541397284,-57.03370478747373,1293.7714,27.675903,0.984393,BEAM1011,GEDI02_A_2022222092210_O20727_01_T09193_02_003_02_V002.h5,2022-08-10T09:22:10.000Z
-25.628016982113152,-57.04201178377159,1208.2445,73.66162,0.97475815,BEAM1000,GEDI02_A_2022222092210_O20727_01_T09193_02_003_02_V002.h5,2022-08-10T09:22:10.000Z
-25.627951976394737,-57.03749669310168,2845.1367,0.0,3.3988812,BEAM0000,GEDI02_A_2021354191807_O17120_04_T07075_02_003_02_V002.h5,2021-12-20T19:18:07.000Z
-25.627950994091474,-57.02805018709064,4756.269,21.911133,0.9530439,BEAM0101,GEDI02_A_2024244132446_O32393_04_T04229_02_004_04_V002.h5,2024-08-31T13:24:46.000Z
-25.627920853245094,-57.039486445384135,7586.0825,0.0,2.213397,BEAM0000,GEDI02_A_2025156231012_O36711_04_T07075_02_004_02_V002.h5,2025-06-05T23:10:12.000Z
-25.627687888786816,-57.033347584676584,1254.6096,59.05139,0.97723794,BEAM1011,GEDI02_A_2022222092210_O20727_01_T09193_02_003_02_V002.h5,2022-08-10T09:22:10.000Z
-25.627595283270672,-57.04162052810458,1261.4899,34.102173,0.97874004,BEAM1000,GEDI02_A_2022222092210_O20727_01_T09193_02_003_02_V002.h5,2022-08-10T09:22:10.000Z
-25.627594327981406,-57.02839808720301,4803.1426,4.628418,0.9238861,BEAM0101,GEDI02_A_2024244132446_O32393_04_T04229_02_004_04_V002.h5,2024-08-31T13:24:46.000Z
-25.62753199101205,-57.039858279876704,7585.751,0.0,9.177865,BEAM0000,GEDI02_A_2025156231012_O36711_04_T07075_02_004_02_V002.h5,2025-06-05T23:10:12.000Z
-25.627292896510088,-57.03297260116389,1265.0815,45.64392,0.9797465,BEAM1011,GEDI02_A_2022222092210_O20727_01_T09193_02_003_02_V002.h5,2022-08-10T09:22:10.000Z
-25.627216025861518,-57.041254704101405,1247.0446,59.052124,0.98093665,BEAM1000,GEDI02_A_2022222092210_O20727_01_T09193_02_003_02_V002.h5,2022-08-10T09:22:10.000Z
-25.627187520616662,-57.028781360356206,4773.927,8.099609,0.985435,BEAM0101,GEDI02_A_2024244132446_O32393_04_T04229_02_004_04_V002.h5,2024-08-31T13:24:46.000Z
-25.62717001060977,-57.03830547529446,2748.403,0.0,3.67766,BEAM0000,GEDI02_A_2021354191807_O17120_04_T07075_02_003_02_V002.h5,2021-12-20T19:18:07.000Z
-25.627096076797663,-57.017836426311405,8864.315,0.0,5.589579,BEAM0011,GEDI02_A_2024244132446_O32393_04_T04229_02_004_04_V002.h5,2024-08-31T13:24:46.000Z
-25.626895884681904,-57.032596483200294,1278.6913,46.65161,0.98786485,BEAM1011,GEDI02_A_2022222092210_O20727_01_T09193_02_003_02_V002.h5,2022-08-10T09:22:10.000Z
-25.626823630423228,-57.040881019524704,1253.5249,55.168457,0.981819,BEAM1000,GEDI02_A_2022222092210_O20727_01_T09193_02_003_02_V002.h5,2022-08-10T09:22:10.000Z
-25.62678146387953,-57.038676553187,2748.4202,0.0,20.705349,BEAM0000,GEDI02_A_2021354191807_O17120_04_T07075_02_003_02_V002.h5,2021-12-20T19:18:07.000Z
-25.6265636231972,-57.031458539067216,151.02435,9.957504,0.9785166,BEAM0011,GEDI02_A_2020124150548_O07879_04_T04229_02_003_01_V002.h5,2020-05-03T15:05:48.000Z
-25.626505913187856,-57.032224374525356,1281.063,41.720215,0.9731185,BEAM1011,GEDI02_A_2022222092210_O20727_01_T09193_02_003_02_V002.h5,2022-08-10T09:22:10.000Z
-25.626444699021942,-57.04051541069972,1238.5029,57.784424,0.9832807,BEAM1000,GEDI02_A_2022222092210_O20727_01_T09193_02_003_02_V002.h5,2022-08-10T09:22:10.000Z
-25.626392851905685,-57.03904779344847,2748.1858,0.0,3.289876,BEAM0000,GEDI02_A_2021354191807_O17120_04_T07075_02_003_02_V002.h5,2021-12-20T19:18:07.000Z
-25.626128441122965,-57.03185937534113,1263.534,52.366943,0.9903792,BEAM1011,GEDI02_A_2022222092210_O20727_01_T09193_02_003_02_V002.h5,2022-08-10T09:22:10.000Z
-25.62611970021885,-57.03778261920059,4781.242,18.777344,0.9701348,BEAM0110,GEDI02_A_2024244132446_O32393_04_T04229_02_004_04_V002.h5,2024-08-31T13:24:46.000Z
-25.626056166828626,-57.04014406201155,1238.7427,53.638306,0.97702247,BEAM1000,GEDI02_A_2022222092210_O20727_01_T09193_02_003_02_V002.h5,2022-08-10T09:22:10.000Z
-25.62604004819714,-57.02987976464373,4797.3613,1.269043,0.9429634,BEAM0101,GEDI02_A_2024244132446_O32393_04_T04229_02_004_04_V002.h5,2024-08-31T13:24:46.000Z
-25.626004213489715,-57.039418704813755,2748.4097,0.0,1.7816019,BEAM0000,GEDI02_A_2021354191807_O17120_04_T07075_02_003_02_V002.h5,2021-12-20T19:18:07.000Z
-25.62574793125783,-57.038141410721174,4807.5786,22.622559,0.96585935,BEAM0110,GEDI02_A_2024244132446_O32393_04_T04229_02_004_04_V002.h5,2024-08-31T13:24:46.000Z
-25.625736053225218,-57.03148592308733,1269.554,40.48987,0.9577886,BEAM1011,GEDI02_A_2022222092210_O20727_01_T09193_02_003_02_V002.h5,2022-08-10T09:22:10.000Z
-25.625682691628928,-57.03978174397813,1214.9152,62.566284,0.985625,BEAM1000,GEDI02_A_2022222092210_O20727_01_T09193_02_003_02_V002.h5,2022-08-10T09:22:10.000Z
-25.62554302813531,-57.01932083934777,8864.12,0.0,2.1840692,BEAM0011,GEDI02_A_2024244132446_O32393_04_T04229_02_004_04_V002.h5,2024-08-31T13:24:46.000Z
-25.625348751428138,-57.03111537431811,1267.4056,40.52722,0.985235,BEAM1011,GEDI02_A_2022222092210_O20727_01_T09193_02_003_02_V002.h5,2022-08-10T09:22:10.000Z
-25.625341646159395,-57.03852545082781,4780.3037,44.273926,0.97336334,BEAM0110,GEDI02_A_2024244132446_O32393_04_T04229_02_004_04_V002.h5,2024-08-31T13:24:46.000Z
-25.625284048509293,-57.03940436495189,1231.1553,36.233154,0.98242724,BEAM1000,GEDI02_A_2022222092210_O20727_01_T09193_02_003_02_V002.h5,2022-08-10T09:22:10.000Z
-25.6252514226588,-57.03062879355998,4777.4287,0.8588867,0.930069,BEAM0101,GEDI02_A_2024244132446_O32393_04_T04229_02_004_04_V002.h5,2024-08-31T13:24:46.000Z
-25.6252267425751,-57.04016123343219,2747.745,0.0,31.05489,BEAM0000,GEDI02_A_2021354191807_O17120_04_T07075_02_003_02_V002.h5,2021-12-20T19:18:07.000Z
-25.6251547416897,-57.01969188920099,8863.879,0.0,3.3845377,BEAM0011,GEDI02_A_2024244132446_O32393_04_T04229_02_004_04_V002.h5,2024-08-31T13:24:46.000Z
-25.62512372437687,-57.02605675344133,2548.07,0.89575195,0.94377095,BEAM0000,GEDI02_A_2024193193707_O31606_01_T10769_02_004_03_V002.h5,2024-07-11T19:37:07.000Z
-25.624963142865536,-57.030745802050475,1262.45,43.73938,0.9814997,BEAM1011,GEDI02_A_2022222092210_O20727_01_T09193_02_003_02_V002.h5,2022-08-10T09:22:10.000Z
-25.624938774903217,-57.03890702243562,4758.3745,45.24463,0.98175967,BEAM0110,GEDI02_A_2024244132446_O32393_04_T04229_02_004_04_V002.h5,2024-08-31T13:24:46.000Z
-25.624901174640183,-57.03903644504711,1222.1705,42.20996,0.9740001,BEAM1000,GEDI02_A_2022222092210_O20727_01_T09193_02_003_02_V002.h5,2022-08-10T09:22:10.000Z
-25.62483797370074,-57.04053207792914,2747.9683,0.0,3.3341506,BEAM0000,GEDI02_A_2021354191807_O17120_04_T07075_02_003_02_V002.h5,2021-12-20T19:18:07.000Z
-25.624766803698034,-57.020062688484785,8864.151,0.0,6.9007134,BEAM0011,GEDI02_A_2024244132446_O32393_04_T04229_02_004_04_V002.h5,2024-08-31T13:24:46.000Z
-25.624751855524774,-57.02057949040004,207.28511,15.988037,0.9537912,BEAM0110,GEDI02_A_2024179150714_O31386_04_T09921_02_004_03_V002.h5,2024-06-27T15:07:14.000Z
-25.624596254539448,-57.0376590285121,165.69287,11.103317,0.92476106,BEAM0010,GEDI02_A_2024252101809_O32515_04_T07075_02_004_02_V002.h5,2024-09-08T10:18:09.000Z
-25.624564069502338,-57.03036860410922,1278.7108,30.59021,0.99171835,BEAM1011,GEDI02_A_2022222092210_O20727_01_T09193_02_003_02_V002.h5,2022-08-10T09:22:10.000Z
-25.624531270744956,-57.03929200146644,4729.268,45.431152,0.98533595,BEAM0110,GEDI02_A_2024244132446_O32393_04_T04229_02_004_04_V002.h5,2024-08-31T13:24:46.000Z
-25.624521896556146,-57.03867069424962,1207.3647,61.596924,0.9749338,BEAM1000,GEDI02_A_2022222092210_O20727_01_T09193_02_003_02_V002.h5,2022-08-10T09:22:10.000Z
-25.624465781105087,-57.03137581054654,4762.343,12.206055,0.9784741,BEAM0101,GEDI02_A_2024244132446_O32393_04_T04229_02_004_04_V002.h5,2024-08-31T13:24:46.000Z
-25.624449132961878,-57.040903347406434,2747.53,0.0,4.700282,BEAM0000,GEDI02_A_2021354191807_O17120_04_T07075_02_003_02_V002.h5,2021-12-20T19:18:07.000Z
-25.62437857718022,-57.02043365050331,8863.938,0.0,2.4307292,BEAM0011,GEDI02_A_2024244132446_O32393_04_T04229_02_004_04_V002.h5,2024-08-31T13:24:46.000Z
-25.624250514282856,-57.04239452743938,3673.5461,0.0,3.2955513,BEAM0000,GEDI02_A_2025156231012_O36711_04_T07075_02_004_02_V002.h5,2025-06-05T23:10:12.000Z
-25.62419013940858,-57.03000569583451,1254.968,46.91516,0.9824941,BEAM1011,GEDI02_A_2022222092210_O20727_01_T09193_02_003_02_V002.h5,2022-08-10T09:22:10.000Z
-25.624132767444074,-57.039670423438295,4714.167,41.026367,0.95818573,BEAM0110,GEDI02_A_2024244132446_O32393_04_T04229_02_004_04_V002.h5,2024-08-31T13:24:46.000Z
-25.624108160436986,-57.03172453421593,4808.3813,17.095703,0.9637563,BEAM0101,GEDI02_A_2024244132446_O32393_04_T04229_02_004_04_V002.h5,2024-08-31T13:24:46.000Z
-25.624104949616587,-57.038282398944986,1252.5262,26.4458,0.9915049,BEAM1000,GEDI02_A_2022222092210_O20727_01_T09193_02_003_02_V002.h5,2022-08-10T09:22:10.000Z
-25.623861873973237,-57.042766037051464,3673.68,0.0,7.2804475,BEAM0000,GEDI02_A_2025156231012_O36711_04_T07075_02_004_02_V002.h5,2025-06-05T23:10:12.000Z
-25.623794027345703,-57.02963021517428,1266.2404,29.843628,0.98298365,BEAM1011,GEDI02_A_2022222092210_O20727_01_T09193_02_003_02_V002.h5,2022-08-10T09:22:10.000Z
-25.623741488503388,-57.04004358421236,4710.303,26.690918,0.98053616,BEAM0110,GEDI02_A_2024244132446_O32393_04_T04229_02_004_04_V002.h5,2024-08-31T13:24:46.000Z
-25.623715089740486,-57.037910343395495,1254.3821,27.417358,0.96641004,BEAM1000,GEDI02_A_2022222092210_O20727_01_T09193_02_003_02_V002.h5,2022-08-10T09:22:10.000Z
-25.623705931037975,-57.03210475619447,4786.7837,61.962402,0.9923659,BEAM0101,GEDI02_A_2024244132446_O32393_04_T04229_02_004_04_V002.h5,2024-08-31T13:24:46.000Z
-25.62367139022553,-57.041645284882016,2747.3694,0.0,4.041475,BEAM0000,GEDI02_A_2021354191807_O17120_04_T07075_02_003_02_V002.h5,2021-12-20T19:18:07.000Z
-25.62360232096472,-57.02117538070715,8863.788,0.0,4.214308,BEAM0011,GEDI02_A_2024244132446_O32393_04_T04229_02_004_04_V002.h5,2024-08-31T13:24:46.000Z
-25.62342027776556,-57.02926744637067,1241.918,62.079834,0.9763142,BEAM1011,GEDI02_A_2022222092210_O20727_01_T09193_02_003_02_V002.h5,2022-08-10T09:22:10.000Z
-25.62335015341875,-57.04041679918349,4706.3394,51.81494,0.97794014,BEAM0110,GEDI02_A_2024244132446_O32393_04_T04229_02_004_04_V002.h5,2024-08-31T13:24:46.000Z
-25.623342446788847,-57.03754861736035,1228.6627,55.76831,0.9778935,BEAM1000,GEDI02_A_2022222092210_O20727_01_T09193_02_003_02_V002.h5,2022-08-10T09:22:10.000Z
-25.62328247504202,-57.04201619154953,2747.2893,0.0,3.027892,BEAM0000,GEDI02_A_2021354191807_O17120_04_T07075_02_003_02_V002.h5,2021-12-20T19:18:07.000Z
-25.623084304234702,-57.04350915272049,3673.4382,0.0,1.9499801,BEAM0000,GEDI02_A_2025156231012_O36711_04_T07075_02_004_02_V002.h5,2025-06-05T23:10:12.000Z
-25.623065229395298,-57.02519628298164,158.447,14.483948,0.9420887,BEAM0000,GEDI02_A_2024252101809_O32515_04_T07075_02_004_02_V002.h5,2024-09-08T10:18:09.000Z
-25.623028441890327,-57.02889442762525,1246.1298,49.37964,0.9885458,BEAM1011,GEDI02_A_2022222092210_O20727_01_T09193_02_003_02_V002.h5,2022-08-10T09:22:10.000Z
-25.623008602749348,-57.03278974939425,4906.5537,21.351074,0.9578432,BEAM0101,GEDI02_A_2024244132446_O32393_04_T04229_02_004_04_V002.h5,2024-08-31T13:24:46.000Z
-25.622995910691113,-57.04277025353629,5316.099,1.0473633,0.9285841,BEAM0000,GEDI02_A_2021088044333_O12988_04_T07075_02_003_02_V002.h5,2021-03-29T04:43:33.000Z
-25.622946094604824,-57.03717271126826,1240.6194,38.100464,0.97145265,BEAM1000,GEDI02_A_2022222092210_O20727_01_T09193_02_003_02_V002.h5,2022-08-10T09:22:10.000Z
-25.622943098470614,-57.040801509069965,4677.9136,21.54004,0.9745657,BEAM0110,GEDI02_A_2024244132446_O32393_04_T04229_02_004_04_V002.h5,2024-08-31T13:24:46.000Z
-25.622651674037744,-57.028529977087146,1226.3279,51.17224,0.9896513,BEAM1011,GEDI02_A_2022222092210_O20727_01_T09193_02_003_02_V002.h5,2022-08-10T09:22:10.000Z
-25.6225995675484,-57.0331748905269,4874.9375,39.342285,0.9741043,BEAM0101,GEDI02_A_2024244132446_O32393_04_T04229_02_004_04_V002.h5,2024-08-31T13:24:46.000Z
-25.62255480118241,-57.03679985419671,1244.3634,29.322266,0.9756988,BEAM1000,GEDI02_A_2022222092210_O20727_01_T09193_02_003_02_V002.h5,2022-08-10T09:22:10.000Z
-25.622504574204616,-57.04275785586452,2747.1345,0.0,3.664224,BEAM0000,GEDI02_A_2021354191807_O17120_04_T07075_02_003_02_V002.h5,2021-12-20T19:18:07.000Z
-25.62243780425556,-57.02228791742948,8863.445,0.0,18.01932,BEAM0011,GEDI02_A_2024244132446_O32393_04_T04229_02_004_04_V002.h5,2024-08-31T13:24:46.000Z
-25.622250518159234,-57.02815169955643,1245.0776,46.91443,0.97902113,BEAM1011,GEDI02_A_2022222092210_O20727_01_T09193_02_003_02_V002.h5,2022-08-10T09:22:10.000Z
-25.622192102778875,-57.03355896971928,4845.8223,68.90527,0.9813347,BEAM0101,GEDI02_A_2024244132446_O32393_04_T04229_02_004_04_V002.h5,2024-08-31T13:24:46.000Z
-25.62217170627728,-57.03643192750556,1234.8914,38.848267,0.9795155,BEAM1000,GEDI02_A_2022222092210_O20727_01_T09193_02_003_02_V002.h5,2022-08-10T09:22:10.000Z
-25.622115601719617,-57.043128513612274,2747.1929,0.0,4.0952086,BEAM0000,GEDI02_A_2021354191807_O17120_04_T07075_02_003_02_V002.h5,2021-12-20T19:18:07.000Z
-25.62191778941117,-57.044623779177996,3672.806,0.0,2.1518753,BEAM0000,GEDI02_A_2025156231012_O36711_04_T07075_02_004_02_V002.h5,2025-06-05T23:10:12.000Z
-25.621865025511244,-57.02778232552756,1238.8893,38.13733,0.99168813,BEAM1011,GEDI02_A_2022222092210_O20727_01_T09193_02_003_02_V002.h5,2022-08-10T09:22:10.000Z
-25.62181158847019,-57.03392408960722,4857.748,33.407227,0.9837702,BEAM0101,GEDI02_A_2024244132446_O32393_04_T04229_02_004_04_V002.h5,2024-08-31T13:24:46.000Z
-25.62178334772943,-57.036060868067814,1233.6788,47.363525,0.9867429,BEAM1000,GEDI02_A_2022222092210_O20727_01_T09193_02_003_02_V002.h5,2022-08-10T09:22:10.000Z
-25.621546007568504,-57.04469021908132,1240.9331,39.009277,0.97943395,BEAM0110,GEDI02_A_2022222092210_O20727_01_T09193_02_003_02_V002.h5,2022-08-10T09:22:10.000Z
-25.621471182257963,-57.02740822512591,1245.8477,25.699585,0.98746717,BEAM1011,GEDI02_A_2022222092210_O20727_01_T09193_02_003_02_V002.h5,2022-08-10T09:22:10.000Z
-25.621409682172395,-57.03430434554345,4837.309,40.79834,0.9679649,BEAM0101,GEDI02_A_2024244132446_O32393_04_T04229_02_004_04_V002.h5,2024-08-31T13:24:46.000Z
-25.621398294809037,-57.03569180526534,1227.0667,52.66797,0.9764614,BEAM1000,GEDI02_A_2022222092210_O20727_01_T09193_02_003_02_V002.h5,2022-08-10T09:22:10.000Z
-25.621337581792094,-57.043870044019826,2746.736,0.0,265.10828,BEAM0000,GEDI02_A_2021354191807_O17120_04_T07075_02_003_02_V002.h5,2021-12-20T19:18:07.000Z
-25.62127343790587,-57.023400215219674,8863.73,0.0,2.53091,BEAM0011,GEDI02_A_2024244132446_O32393_04_T04229_02_004_04_V002.h5,2024-08-31T13:24:46.000Z
-25.621153593280575,-57.01561287107108,8904.565,0.0,2.5652306,BEAM0010,GEDI02_A_2024244132446_O32393_04_T04229_02_004_04_V002.h5,2024-08-31T13:24:46.000Z
-25.621143139111275,-57.044310158429944,1264.7745,25.146729,0.9822238,BEAM0110,GEDI02_A_2022222092210_O20727_01_T09193_02_003_02_V002.h5,2022-08-10T09:22:10.000Z
-25.62109006246999,-57.02704135815533,1232.553,36.457275,0.97964257,BEAM1011,GEDI02_A_2022222092210_O20727_01_T09193_02_003_02_V002.h5,2022-08-10T09:22:10.000Z
-25.621025195424554,-57.03467236092033,4843.422,27.510254,0.9812263,BEAM0101,GEDI02_A_2024244132446_O32393_04_T04229_02_004_04_V002.h5,2024-08-31T13:24:46.000Z
-25.620996099145973,-57.03531249341801,1247.6758,28.948364,0.9765008,BEAM1000,GEDI02_A_2022222092210_O20727_01_T09193_02_003_02_V002.h5,2022-08-10T09:22:10.000Z
-25.620948567205975,-57.04424057471338,2746.7034,0.0,2.394988,BEAM0000,GEDI02_A_2021354191807_O17120_04_T07075_02_003_02_V002.h5,2021-12-20T19:18:07.000Z
-25.620755647244078,-57.04393942490036,1261.8044,22.120117,0.97326076,BEAM0110,GEDI02_A_2022222092210_O20727_01_T09193_02_003_02_V002.h5,2022-08-10T09:22:10.000Z
-25.6207484758257,-57.04292891015833,4891.63,10.639648,0.96439916,BEAM0110,GEDI02_A_2024244132446_O32393_04_T04229_02_004_04_V002.h5,2024-08-31T13:24:46.000Z
-25.620720375871734,-57.02668098958213,1201.0559,39.074585,0.9884819,BEAM1011,GEDI02_A_2022222092210_O20727_01_T09193_02_003_02_V002.h5,2022-08-10T09:22:10.000Z
-25.62062721287896,-57.034953143813624,1215.0637,45.68445,0.99197716,BEAM1000,GEDI02_A_2022222092210_O20727_01_T09193_02_003_02_V002.h5,2022-08-10T09:22:10.000Z
-25.6206251777113,-57.03505137166364,4826.0444,11.384766,0.96850824,BEAM0101,GEDI02_A_2024244132446_O32393_04_T04229_02_004_04_V002.h5,2024-08-31T13:24:46.000Z
-25.620376615368837,-57.04357383390639,1244.0596,21.970703,0.9712515,BEAM0110,GEDI02_A_2022222092210_O20727_01_T09193_02_003_02_V002.h5,2022-08-10T09:22:10.000Z
-25.6203553833901,-57.04330343696565,4884.575,21.24121,0.9768619,BEAM0110,GEDI02_A_2024244132446_O32393_04_T04229_02_004_04_V002.h5,2024-08-31T13:24:46.000Z
-25.620326542467986,-57.02630692660015,1207.7788,37.24353,0.9651804,BEAM1011,GEDI02_A_2022222092210_O20727_01_T09193_02_003_02_V002.h5,2022-08-10T09:22:10.000Z
-25.620228159260563,-57.034575743179104,1230.4619,41.387817,0.9850754,BEAM1000,GEDI02_A_2022222092210_O20727_01_T09193_02_003_02_V002.h5,2022-08-10T09:22:10.000Z
-25.62018524424819,-57.03545857158664,4748.1426,31.802734,0.9704771,BEAM0101,GEDI02_A_2024244132446_O32393_04_T04229_02_004_04_V002.h5,2024-08-31T13:24:46.000Z
-25.620108320189118,-57.02451289744138,8863.504,0.0,202.44388,BEAM0011,GEDI02_A_2024244132446_O32393_04_T04229_02_004_04_V002.h5,2024-08-31T13:24:46.000Z
-25.619994101972917,-57.0432061228695,1232.1589,17.150635,0.93863463,BEAM0110,GEDI02_A_2022222092210_O20727_01_T09193_02_003_02_V002.h5,2022-08-10T09:22:10.000Z
-25.619988319652954,-57.016726546119244,8903.849,0.0,3.208637,BEAM0010,GEDI02_A_2024244132446_O32393_04_T04229_02_004_04_V002.h5,2024-08-31T13:24:46.000Z
-25.6199301212242,-57.02593140360073,1218.5524,31.93872,0.9733862,BEAM1011,GEDI02_A_2022222092210_O20727_01_T09193_02_003_02_V002.h5,2022-08-10T09:22:10.000Z
-25.619923580690344,-57.04370623668779,4817.267,58.01123,0.96943843,BEAM0110,GEDI02_A_2024244132446_O32393_04_T04229_02_004_04_V002.h5,2024-08-31T13:24:46.000Z
-25.619839856783543,-57.034204793666106,1228.6311,39.371094,0.98116446,BEAM1000,GEDI02_A_2022222092210_O20727_01_T09193_02_003_02_V002.h5,2022-08-10T09:22:10.000Z
-25.61978858325252,-57.01787924629855,272.91327,18.432037,0.9599789,BEAM0101,GEDI02_A_2020296185923_O10548_04_T09921_02_003_02_V002.h5,2020-10-22T18:59:23.000Z
-25.619785248036138,-57.035837641143594,4730.9478,9.480957,0.95732343,BEAM0101,GEDI02_A_2024244132446_O32393_04_T04229_02_004_04_V002.h5,2024-08-31T13:24:46.000Z
-25.61961219116485,-57.04283879465483,1219.1659,22.8302,0.95941883,BEAM0110,GEDI02_A_2022222092210_O20727_01_T09193_02_003_02_V002.h5,2022-08-10T09:22:10.000Z
-25.619542980400958,-57.02556115476223,1214.5701,52.669678,0.9772722,BEAM1011,GEDI02_A_2022222092210_O20727_01_T09193_02_003_02_V002.h5,2022-08-10T09:22:10.000Z
-25.619512900218314,-57.04409359768522,4782.713,35.463867,0.9610151,BEAM0110,GEDI02_A_2024244132446_O32393_04_T04229_02_004_04_V002.h5,2024-08-31T13:24:46.000Z
-25.619456284846784,-57.03383668943036,1219.1854,39.670288,0.97317624,BEAM1000,GEDI02_A_2022222092210_O20727_01_T09193_02_003_02_V002.h5,2022-08-10T09:22:10.000Z
-25.619427638209785,-57.03618685044411,4778.1606,25.979004,0.96460354,BEAM0101,GEDI02_A_2024244132446_O32393_04_T04229_02_004_04_V002.h5,2024-08-31T13:24:46.000Z
-25.619216390382157,-57.04246307573538,1230.3071,21.33545,0.96572196,BEAM0110,GEDI02_A_2022222092210_O20727_01_T09193_02_003_02_V002.h5,2022-08-10T09:22:10.000Z
-25.61921221333221,-57.01746840206286,8904.193,0.0,1.9633421,BEAM0010,GEDI02_A_2024244132446_O32393_04_T04229_02_004_04_V002.h5,2024-08-31T13:24:46.000Z
-25.619143293919173,-57.02518379303269,1230.4468,40.155273,0.97726685,BEAM1011,GEDI02_A_2022222092210_O20727_01_T09193_02_003_02_V002.h5,2022-08-10T09:22:10.000Z
-25.619074408071718,-57.033469609867815,1206.968,46.282715,0.9702357,BEAM1000,GEDI02_A_2022222092210_O20727_01_T09193_02_003_02_V002.h5,2022-08-10T09:22:10.000Z
-25.61899823076017,-57.03658672319524,4716.411,51.623047,0.9685015,BEAM0101,GEDI02_A_2024244132446_O32393_04_T04229_02_004_04_V002.h5,2024-08-31T13:24:46.000Z
-25.618823713776898,-57.01783957140656,8903.604,0.0,2.5224416,BEAM0010,GEDI02_A_2024244132446_O32393_04_T04229_02_004_04_V002.h5,2024-08-31T13:24:46.000Z
-25.618812515427205,-57.042082484583965,1255.4694,14.68457,0.97823924,BEAM0110,GEDI02_A_2022222092210_O20727_01_T09193_02_003_02_V002.h5,2022-08-10T09:22:10.000Z
-25.618747578463477,-57.02480869068834,1240.0077,31.563477,0.9865684,BEAM1011,GEDI02_A_2022222092210_O20727_01_T09193_02_003_02_V002.h5,2022-08-10T09:22:10.000Z
-25.61873760091268,-57.044834641811235,4784.96,7.876953,0.9592556,BEAM0110,GEDI02_A_2024244132446_O32393_04_T04229_02_004_04_V002.h5,2024-08-31T13:24:46.000Z
-25.618691890625712,-57.03310215645733,1195.72,57.601562,0.98773235,BEAM1000,GEDI02_A_2022222092210_O20727_01_T09193_02_003_02_V002.h5,2022-08-10T09:22:10.000Z
-25.618607524236698,-57.03695932881343,4713.4517,33.183594,0.9509587,BEAM0101,GEDI02_A_2024244132446_O32393_04_T04229_02_004_04_V002.h5,2024-08-31T13:24:46.000Z
-25.618553629409007,-57.025997223608506,8863.097,0.0,1.6388768,BEAM0011,GEDI02_A_2024244132446_O32393_04_T04229_02_004_04_V002.h5,2024-08-31T13:24:46.000Z
-25.618433573103395,-57.04171699857775,1237.2324,42.633667,0.97724336,BEAM0110,GEDI02_A_2022222092210_O20727_01_T09193_02_003_02_V002.h5,2022-08-10T09:22:10.000Z
-25.618371867518036,-57.02444494502803,1217.8423,52.520386,0.97863007,BEAM1011,GEDI02_A_2022222092210_O20727_01_T09193_02_003_02_V002.h5,2022-08-10T09:22:10.000Z
-25.618305184051838,-57.03273220270028,1191.1073,51.849976,0.97813815,BEAM1000,GEDI02_A_2022222092210_O20727_01_T09193_02_003_02_V002.h5,2022-08-10T09:22:10.000Z
-25.61816470975796,-57.0263684473206,8862.866,0.0,3.40646,BEAM0011,GEDI02_A_2024244132446_O32393_04_T04229_02_004_04_V002.h5,2024-08-31T13:24:46.000Z
-25.618047061014963,-57.04134694210025,1232.1558,37.43994,0.98016167,BEAM0110,GEDI02_A_2022222092210_O20727_01_T09193_02_003_02_V002.h5,2022-08-10T09:22:10.000Z
-25.617970872370535,-57.024066854177995,1235.7604,28.687622,0.9806427,BEAM1011,GEDI02_A_2022222092210_O20727_01_T09193_02_003_02_V002.h5,2022-08-10T09:22:10.000Z
-25.617904742319958,-57.03235403151234,1208.3619,29.43689,0.97441727,BEAM1000,GEDI02_A_2022222092210_O20727_01_T09193_02_003_02_V002.h5,2022-08-10T09:22:10.000Z
-25.61778712862133,-57.03773209541554,4648.395,1.8291016,0.9420901,BEAM0101,GEDI02_A_2024244132446_O32393_04_T04229_02_004_04_V002.h5,2024-08-31T13:24:46.000Z
-25.6176457171804,-57.040967917870205,1252.8812,21.93335,0.9724041,BEAM0110,GEDI02_A_2022222092210_O20727_01_T09193_02_003_02_V002.h5,2022-08-10T09:22:10.000Z
-25.617585619924597,-57.02369769965414,1228.731,40.11841,0.99151343,BEAM1011,GEDI02_A_2022222092210_O20727_01_T09193_02_003_02_V002.h5,2022-08-10T09:22:10.000Z
-25.617386832744497,-57.027110903805976,8862.701,0.0,2.039487,BEAM0011,GEDI02_A_2024244132446_O32393_04_T04229_02_004_04_V002.h5,2024-08-31T13:24:46.000Z
-25.617325449268314,-57.015453501461074,4426.9414,11.769531,0.93544185,BEAM1011,GEDI02_A_2020210051357_O09206_04_T01536_02_003_01_V002.h5,2020-07-28T05:13:57.000Z
-25.617294489082,-57.03895190451407,244.96826,13.480499,0.90943164,BEAM0001,GEDI02_A_2024252101809_O32515_04_T07075_02_004_02_V002.h5,2024-09-08T10:18:09.000Z
-25.617254362968286,-57.04059494823381,1256.2306,12.778809,0.966479,BEAM0110,GEDI02_A_2022222092210_O20727_01_T09193_02_003_02_V002.h5,2022-08-10T09:22:10.000Z
-25.617205990284297,-57.02333173702946,1212.8065,48.000977,0.973336,BEAM1011,GEDI02_A_2022222092210_O20727_01_T09193_02_003_02_V002.h5,2022-08-10T09:22:10.000Z
-25.617110208465203,-57.03160150893467,1232.6868,20.209473,0.98008233,BEAM1000,GEDI02_A_2022222092210_O20727_01_T09193_02_003_02_V002.h5,2022-08-10T09:22:10.000Z
-25.616997549273542,-57.0274823495924,8862.262,0.0,2.2578678,BEAM0011,GEDI02_A_2024244132446_O32393_04_T04229_02_004_04_V002.h5,2024-08-31T13:24:46.000Z
-25.616942686394108,-57.015817216450245,4413.1553,40.054688,0.9782648,BEAM1011,GEDI02_A_2020210051357_O09206_04_T01536_02_003_01_V002.h5,2020-07-28T05:13:57.000Z
-25.616884881794036,-57.04023522435601,1221.5377,44.128296,0.97736573,BEAM0110,GEDI02_A_2022222092210_O20727_01_T09193_02_003_02_V002.h5,2022-08-10T09:22:10.000Z
-25.61682281007574,-57.022963760174974,1202.5426,43.781128,0.9815378,BEAM1011,GEDI02_A_2022222092210_O20727_01_T09193_02_003_02_V002.h5,2022-08-10T09:22:10.000Z
-25.61671913251983,-57.031228960304546,1234.9661,14.456909,0.97955614,BEAM1000,GEDI02_A_2022222092210_O20727_01_T09193_02_003_02_V002.h5,2022-08-10T09:22:10.000Z
-25.616608659827218,-57.02785353791961,8862.577,0.0,5.0166087,BEAM0011,GEDI02_A_2024244132446_O32393_04_T04229_02_004_04_V002.h5,2024-08-31T13:24:46.000Z
-25.61653517234523,-57.016211754743814,4455.128,18.346191,0.94147944,BEAM1011,GEDI02_A_2020210051357_O09206_04_T01536_02_003_01_V002.h5,2020-07-28T05:13:57.000Z
-25.616495037091468,-57.020064711135156,8903.401,0.0,4.126808,BEAM0010,GEDI02_A_2024244132446_O32393_04_T04229_02_004_04_V002.h5,2024-08-31T13:24:46.000Z
-25.616491030072886,-57.039860754142055,1229.2683,36.991577,0.9839771,BEAM0110,GEDI02_A_2022222092210_O20727_01_T09193_02_003_02_V002.h5,2022-08-10T09:22:10.000Z
-25.61642950762148,-57.0225900392274,1208.3685,25.962646,0.982915,BEAM1011,GEDI02_A_2022222092210_O20727_01_T09193_02_003_02_V002.h5,2022-08-10T09:22:10.000Z
-25.616355910688632,-57.030873092057305,1192.837,40.942505,0.9661298,BEAM1000,GEDI02_A_2022222092210_O20727_01_T09193_02_003_02_V002.h5,2022-08-10T09:22:10.000Z
-25.616219331480476,-57.02822500789591,8862.312,0.0,4.152596,BEAM0011,GEDI02_A_2024244132446_O32393_04_T04229_02_004_04_V002.h5,2024-08-31T13:24:46.000Z
-25.616106563139006,-57.020435733480575,8902.872,0.0,1.7961261,BEAM0010,GEDI02_A_2024244132446_O32393_04_T04229_02_004_04_V002.h5,2024-08-31T13:24:46.000Z
-25.61609514044587,-57.039485053151864,1240.5719,12.5546875,0.96853197,BEAM0110,GEDI02_A_2022222092210_O20727_01_T09193_02_003_02_V002.h5,2022-08-10T09:22:10.000Z
-25.616030188949253,-57.0222129024146,1223.782,0.8592529,0.98330003,BEAM1011,GEDI02_A_2022222092210_O20727_01_T09193_02_003_02_V002.h5,2022-08-10T09:22:10.000Z
-25.615992887700315,-57.0413198769272,248.6049,17.045975,0.96973455,BEAM1000,GEDI02_A_2020296185923_O10548_04_T09921_02_003_02_V002.h5,2020-10-22T18:59:23.000Z
-25.615947051308407,-57.03048989953786,1223.4965,25.625366,0.9813033,BEAM1000,GEDI02_A_2022222092210_O20727_01_T09193_02_003_02_V002.h5,2022-08-10T09:22:10.000Z
-25.615724373462015,-57.03912455785539,1208.2001,17.673706,0.9716116,BEAM0110,GEDI02_A_2022222092210_O20727_01_T09193_02_003_02_V002.h5,2022-08-10T09:22:10.000Z
-25.615679611189222,-57.01705131505781,4630.405,22.044922,0.96473163,BEAM1011,GEDI02_A_2020210051357_O09206_04_T01536_02_003_01_V002.h5,2020-07-28T05:13:57.000Z
-25.615662156796976,-57.02185351604859,1189.6562,31.118408,0.980104,BEAM1011,GEDI02_A_2022222092210_O20727_01_T09193_02_003_02_V002.h5,2022-08-10T09:22:10.000Z
-25.615557091117072,-57.030118023174076,1224.0481,31.228516,0.9665256,BEAM1000,GEDI02_A_2022222092210_O20727_01_T09193_02_003_02_V002.h5,2022-08-10T09:22:10.000Z
-25.61552218541194,-57.039912319641694,4750.789,1.1196289,0.9167957,BEAM0101,GEDI02_A_2024244132446_O32393_04_T04229_02_004_04_V002.h5,2024-08-31T13:24:46.000Z
-25.615337231383315,-57.0387541512582,1204.3656,10.910645,0.9707655,BEAM0110,GEDI02_A_2022222092210_O20727_01_T09193_02_003_02_V002.h5,2022-08-10T09:22:10.000Z
-25.615330307499597,-57.02117730756492,8903.042,0.0,32.470646,BEAM0010,GEDI02_A_2024244132446_O32393_04_T04229_02_004_04_V002.h5,2024-08-31T13:24:46.000Z
-25.615287684131875,-57.01742646917338,4637.299,10.163086,0.97001916,BEAM1011,GEDI02_A_2020210051357_O09206_04_T01536_02_003_01_V002.h5,2020-07-28T05:13:57.000Z
-25.615268480654194,-57.021479575002964,1196.2574,28.428589,0.96189684,BEAM1011,GEDI02_A_2022222092210_O20727_01_T09193_02_003_02_V002.h5,2022-08-10T09:22:10.000Z
-25.61517271192636,-57.02974948754669,1215.7383,28.053955,0.9677785,BEAM1000,GEDI02_A_2022222092210_O20727_01_T09193_02_003_02_V002.h5,2022-08-10T09:22:10.000Z
-25.615051506736982,-57.02933930751177,8862.338,0.0,3.017861,BEAM0011,GEDI02_A_2024244132446_O32393_04_T04229_02_004_04_V002.h5,2024-08-31T13:24:46.000Z
