granule,year,doy,date,centroid_ET,centroid_PET,centroid_LE,centroid_PLE,corner_NE_ET,corner_NE_PET,corner_NE_LE,corner_NE_PLE,corner_NW_ET,corner_NW_PET,corner_NW_LE,corner_NW_PLE,corner_SE_ET,corner_SE_PET,corner_SE_LE,corner_SE_PLE,corner_SW_ET,corner_SW_PET,corner_SW_LE,corner_SW_PLE,wesley_pin_ET,wesley_pin_PET,wesley_pin_LE,wesley_pin_PLE
MOD16A2.A2021001.h12v11.061.2021067201340.hdf,2021,1,2021-01-01,48.0,58.2,14610000,17710000,37.7,52.6,11470000,15980000,36.7,56.4,11170000,17140000,35.6,54.9,10840000,16700000,32.0,54.7,9740000,16630000,36.3,51.8,11040000,15740000
MOD16A2.A2021009.h12v11.061.2021068064110.hdf,2021,9,2021-01-09,38.4,58.0,11660000,17610000,35.9,54.4,10910000,16520000,38.1,57.7,11570000,17530000,24.4,55.7,7420000,16900000,20.4,55.4,6210000,16830000,39.6,54.0,12030000,16400000
MOD16A2.A2021017.h12v11.061.2021068142154.hdf,2021,17,2021-01-17,47.3,62.6,14420000,19070000,41.9,55.7,12780000,16960000,47.0,62.2,14310000,18950000,44.2,60.5,13480000,18430000,44.4,60.7,13520000,18500000,40.8,54.7,12420000,16670000
MOD16A2.A2021025.h12v11.061.2021068175415.hdf,2021,25,2021-01-25,45.1,54.1,13740000,16500000,36.6,44.9,11140000,13680000,47.0,55.7,14310000,16970000,32.7,43.3,9950000,13190000,35.1,45.9,10690000,13980000,36.1,44.5,11000000,13550000
MOD16A2.A2021033.h12v11.061.2021068212129.hdf,2021,33,2021-02-02,17.0,50.8,5190000,15510000,41.4,55.6,12620000,16980000,26.1,53.9,7950000,16440000,24.8,52.7,7570000,16080000,37.0,57.1,11290000,17420000,30.6,52.5,9350000,16020000
MOD16A2.A2021041.h12v11.061.2021069053054.hdf,2021,41,2021-02-10,47.7,62.2,14560000,18960000,42.1,56.6,12840000,17250000,46.1,61.2,14050000,18660000,42.1,59.6,12840000,18170000,39.6,59.3,12060000,18060000,42.4,56.6,12930000,17230000
MOD16A2.A2021049.h12v11.061.2021069073333.hdf,2021,49,2021-02-18,33.8,62.4,10270000,18960000,41.2,61.2,12510000,18600000,30.2,61.9,9190000,18820000,26.1,61.6,7950000,18730000,30.9,61.5,9390000,18680000,41.8,60.9,12700000,18490000
MOD16A2.A2021057.h12v11.061.2021075141100.hdf,2021,57,2021-02-26,45.6,59.6,13850000,18120000,40.0,55.4,12150000,16850000,39.4,58.5,11990000,17780000,31.9,57.0,9690000,17330000,32.9,57.0,9990000,17340000,39.9,55.0,12120000,16730000
MOD16A2.A2021065.h12v11.061.2021082092827.hdf,2021,65,2021-03-06,42.8,58.5,13030000,17800000,39.2,58.0,11940000,17640000,38.5,58.2,11710000,17710000,26.7,58.5,8110000,17800000,26.2,58.4,7980000,17760000,39.3,57.7,11940000,17560000
MOD16A2.A2021073.h12v11.061.2021089054840.hdf,2021,73,2021-03-14,28.7,47.5,8740000,14450000,30.9,44.3,9390000,13470000,32.4,47.5,9870000,14440000,17.8,46.8,5400000,14220000,19.3,46.6,5880000,14180000,31.0,44.3,9430000,13480000
MOD16A2.A2021081.h12v11.061.2021097013724.hdf,2021,81,2021-03-22,37.7,46.8,11490000,14250000,31.9,41.3,9720000,12570000,39.1,47.1,11930000,14360000,27.0,42.7,8230000,13000000,23.7,41.8,7210000,12750000,32.1,41.4,9760000,12590000
MOD16A2.A2021089.h12v11.061.2021105031719.hdf,2021,89,2021-03-30,36.3,43.2,11100000,13200000,30.8,40.6,9400000,12380000,38.7,43.4,11820000,13240000,26.6,42.0,8110000,12840000,25.3,41.9,7720000,12790000,30.8,40.4,9410000,12320000
MOD16A2.A2021097.h12v11.061.2021113030643.hdf,2021,97,2021-04-07,28.8,44.5,8770000,13550000,31.0,43.4,9440000,13200000,35.8,44.6,10910000,13580000,20.8,44.0,6330000,13390000,20.5,44.0,6250000,13400000,30.9,43.2,9400000,13150000
MOD16A2.A2021105.h12v11.061.2021121201026.hdf,2021,105,2021-04-15,35.4,41.9,10790000,12750000,32.1,40.0,9790000,12180000,36.7,41.7,11190000,12690000,25.8,40.8,7850000,12440000,24.3,41.1,7400000,12510000,30.4,39.9,9260000,12150000
MOD16A2.A2021113.h12v11.061.2021130214648.hdf,2021,113,2021-04-23,30.5,34.4,9330000,10520000,26.1,30.6,7990000,9350000,31.2,34.3,9570000,10490000,23.1,32.5,7090000,9950000,20.7,32.4,6330000,9930000,25.5,30.5,7790000,9320000
MOD16A2.A2021121.h12v11.061.2021137022008.hdf,2021,121,2021-05-01,17.1,31.7,5230000,9690000,25.0,30.4,7650000,9290000,19.9,31.4,6100000,9600000,13.6,31.0,4150000,9480000,14.3,30.9,4390000,9460000,22.6,29.9,6920000,9130000
MOD16A2.A2021129.h12v11.061.2021146010006.hdf,2021,129,2021-05-09,31.3,32.2,9580000,9860000,23.5,27.3,7200000,8370000,26.3,30.7,8060000,9410000,20.2,29.3,6200000,8980000,16.6,28.9,5070000,8860000,23.0,27.2,7040000,8330000
MOD16A2.A2021137.h12v11.061.2021153030519.hdf,2021,137,2021-05-17,15.9,28.9,4880000,8840000,24.5,26.3,7500000,8050000,22.5,29.1,6890000,8890000,15.3,27.9,4680000,8550000,11.3,28.9,3450000,8830000,24.8,26.6,7590000,8150000
MOD16A2.A2021145.h12v11.061.2021161201317.hdf,2021,145,2021-05-25,14.9,28.2,4570000,8630000,19.6,25.3,6000000,7750000,15.9,27.6,4870000,8450000,10.5,29.0,3230000,8880000,10.5,28.9,3220000,8840000,20.7,25.5,6350000,7810000
MOD16A2.A2021153.h12v11.061.2021169023312.hdf,2021,153,2021-06-02,22.5,27.5,6860000,8400000,21.1,24.3,6430000,7420000,17.8,25.9,5430000,7910000,15.9,25.1,4870000,7660000,15.2,24.8,4640000,7560000,22.9,25.4,7010000,7750000
MOD16A2.A2021161.h12v11.061.2021177043259.hdf,2021,161,2021-06-10,18.3,24.7,5610000,7590000,21.0,23.4,6450000,7180000,18.2,24.6,5580000,7540000,14.7,23.3,4520000,7140000,11.3,22.7,3470000,6960000,19.5,22.7,5980000,6960000
MOD16A2.A2021169.h12v11.061.2021188022900.hdf,2021,169,2021-06-18,12.9,22.1,3960000,6790000,16.6,20.9,5120000,6430000,12.9,22.0,3960000,6750000,11.0,21.0,3390000,6450000,11.0,21.0,3370000,6460000,15.8,20.5,4860000,6310000
MOD16A2.A2021177.h12v11.061.2021193031545.hdf,2021,177,2021-06-26,10.4,19.7,3200000,6080000,10.5,17.4,3240000,5370000,12.2,20.0,3750000,6160000,9.0,18.8,2780000,5810000,8.5,18.7,2610000,5770000,16.7,19.2,5140000,5930000
MOD16A2.A2021185.h12v11.061.2021201033652.hdf,2021,185,2021-07-04,14.4,25.9,4410000,7920000,20.3,23.9,6220000,7320000,15.5,25.6,4750000,7850000,13.3,24.9,4070000,7620000,9.9,25.3,3050000,7740000,20.2,23.7,6170000,7260000
MOD16A2.A2021193.h12v11.061.2021209064526.hdf,2021,193,2021-07-12,14.6,22.4,4490000,6880000,16.6,20.1,5110000,6160000,15.3,22.3,4700000,6850000,11.6,22.1,3550000,6790000,9.1,22.6,2780000,6950000,16.3,19.7,5000000,6040000
MOD16A2.A2021201.h12v11.061.2021217134858.hdf,2021,201,2021-07-20,16.9,27.2,5190000,8350000,22.7,25.8,6980000,7910000,14.2,27.3,4350000,8370000,10.6,27.5,3260000,8430000,9.9,27.3,3030000,8370000,16.4,24.9,5030000,7640000
MOD16A2.A2021209.h12v11.061.2021225030443.hdf,2021,209,2021-07-28,12.8,24.4,3950000,7520000,12.5,21.9,3860000,6750000,11.5,24.1,3550000,7440000,7.3,23.5,2250000,7240000,8.3,23.7,2570000,7290000,15.0,21.7,4620000,6690000
MOD16A2.A2021217.h12v11.061.2021233032636.hdf,2021,217,2021-08-05,13.4,25.3,4120000,7750000,17.7,22.5,5430000,6910000,12.8,25.1,3930000,7700000,11.1,24.7,3410000,7580000,9.8,24.8,3020000,7590000,17.0,22.3,5210000,6850000
MOD16A2.A2021225.h12v11.061.2021243173538.hdf,2021,225,2021-08-13,24.6,35.5,7520000,10860000,21.4,33.2,6540000,10150000,15.7,35.3,4810000,10770000,13.1,34.5,4000000,10550000,10.2,34.8,3110000,10640000,21.4,32.9,6540000,10060000
MOD16A2.A2021233.h12v11.061.2021251153508.hdf,2021,233,2021-08-21,14.4,32.7,4400000,10000000,14.2,30.5,4350000,9340000,16.8,32.7,5130000,9990000,14.3,32.0,4380000,9780000,11.1,31.8,3410000,9730000,22.2,29.8,6790000,9110000
MOD16A2.A2021241.h12v11.061.2021257015243.hdf,2021,241,2021-08-29,19.5,43.6,5940000,13290000,26.5,41.7,8090000,12710000,15.2,43.7,4640000,13320000,14.6,42.6,4440000,12980000,12.1,42.7,3690000,13030000,26.5,41.4,8080000,12620000
MOD16A2.A2021249.h12v11.061.2021265004854.hdf,2021,249,2021-09-06,19.2,42.0,5860000,12820000,27.7,39.6,8450000,12060000,17.3,42.2,5290000,12870000,18.8,40.8,5730000,12450000,12.5,42.0,3830000,12830000,28.8,39.4,8790000,12010000
MOD16A2.A2021257.h12v11.061.2021315010508.hdf,2021,257,2021-09-14,25.7,37.3,7850000,11390000,25.9,33.8,7920000,10340000,23.0,36.4,7020000,11120000,21.4,35.0,6540000,10690000,18.9,34.7,5770000,10610000,26.9,34.1,8220000,10420000
MOD16A2.A2021265.h12v11.061.2021316152826.hdf,2021,265,2021-09-22,32.0,43.2,9800000,13220000,30.4,39.3,9290000,12000000,25.7,41.1,7880000,12560000,25.6,39.9,7820000,12210000,18.8,38.2,5760000,11690000,29.1,38.4,8900000,11750000
MOD16A2.A2021273.h12v11.061.2021316194247.hdf,2021,273,2021-09-30,24.9,35.9,7600000,10970000,27.2,34.1,8310000,10440000,23.5,35.3,7200000,10790000,20.3,32.9,6220000,10070000,20.3,33.1,6210000,10120000,24.1,32.4,7360000,9920000
MOD16A2.A2021281.h12v11.061.2021316223105.hdf,2021,281,2021-10-08,32.6,47.3,9960000,14430000,35.2,45.4,10740000,13870000,31.6,46.8,9660000,14300000,27.9,44.2,8510000,13480000,28.3,44.7,8630000,13640000,29.8,42.7,9100000,13020000
MOD16A2.A2021289.h12v11.061.2021317025619.hdf,2021,289,2021-10-16,43.0,58.7,13160000,17950000,40.1,54.9,12260000,16800000,41.0,57.9,12550000,17700000,39.9,56.8,12210000,17390000,28.8,53.7,8810000,16430000,39.8,54.2,12170000,16580000
MOD16A2.A2021297.h12v11.061.2021317070044.hdf,2021,297,2021-10-24,46.9,63.5,14300000,19370000,44.2,59.9,13490000,18250000,42.4,62.3,12920000,18980000,27.0,58.2,8240000,17730000,27.5,58.7,8390000,17900000,44.1,59.4,13460000,18100000
MOD16A2.A2021305.h12v11.061.2021321024950.hdf,2021,305,2021-11-01,51.4,61.0,15660000,18570000,41.1,54.2,12500000,16490000,38.5,56.8,11720000,17290000,28.4,53.7,8650000,16350000,28.2,53.9,8580000,16430000,41.0,53.7,12470000,16360000
MOD16A2.A2021313.h12v11.061.2021331073822.hdf,2021,313,2021-11-09,22.7,52.6,6910000,16020000,41.0,54.2,12490000,16520000,32.1,54.6,9790000,16640000,18.0,50.9,5490000,15500000,19.8,51.3,6030000,15650000,40.6,53.7,12390000,16360000
MOD16A2.A2021321.h12v11.061.2021340190517.hdf,2021,321,2021-11-17,55.9,67.0,17070000,20450000,31.4,56.6,9590000,17260000,58.6,68.1,17870000,20770000,37.3,60.0,11380000,18310000,28.7,57.6,8740000,17570000,31.3,56.1,9550000,17100000
MOD16A2.A2021329.h12v11.061.2021345003012.hdf,2021,329,2021-11-25,30.5,63.9,9310000,19470000,46.1,64.0,14060000,19500000,57.5,67.5,17520000,20570000,31.4,63.3,9570000,19300000,25.5,63.2,7780000,19270000,45.8,63.5,13970000,19350000
MOD16A2.A2021337.h12v11.061.2021355012954.hdf,2021,337,2021-12-03,38.1,70.8,11590000,21520000,46.9,71.6,14260000,21760000,38.1,70.9,11580000,21530000,19.5,70.2,5930000,21350000,18.8,70.7,5720000,21490000,46.8,71.1,14230000,21590000
MOD16A2.A2021345.h12v11.061.2021364003530.hdf,2021,345,2021-12-11,23.0,64.6,6970000,19610000,34.2,63.1,10390000,19150000,20.1,64.6,6100000,19600000,19.9,64.0,6040000,19440000,14.3,64.8,4360000,19660000,42.0,62.5,12750000,18980000
MOD16A2.A2021353.h12v11.061.2022004005008.hdf,2021,353,2021-12-19,14.5,71.0,4400000,21510000,35.4,70.2,10710000,21270000,11.0,71.6,3350000,21700000,7.9,72.1,2400000,21840000,8.4,72.2,2530000,21870000,35.0,69.9,10610000,21180000
MOD16A2.A2021361.h12v11.061.2022008234111.hdf,2021,361,2021-12-27,1.0,44.7,470000,21640000,10.0,44.1,4870000,21350000,0.9,44.8,440000,21690000,1.2,44.7,560000,21650000,0.7,45.8,340000,22180000,10.2,43.6,4950000,21130000
MOD16A2.A2022001.h12v11.061.2022026125135.hdf,2022,1,2022-01-01,21.3,65.8,6460000,19940000,36.0,65.3,10900000,19780000,14.0,66.8,4260000,20230000,13.1,66.4,3960000,20110000,8.9,67.6,2690000,20500000,32.9,64.9,9980000,19640000
MOD16A2.A2022009.h12v11.061.2022027205745.hdf,2022,9,2022-01-09,10.3,67.0,3120000,20290000,21.8,66.6,6610000,20170000,9.5,67.0,2870000,20290000,4.2,68.9,1280000,20880000,9.6,67.6,2920000,20490000,26.3,65.5,7970000,19830000
MOD16A2.A2022017.h12v11.061.2022034111248.hdf,2022,17,2022-01-17,4.0,73.0,1200000,22070000,19.8,71.1,5990000,21470000,3.2,73.6,970000,22230000,1.6,75.5,480000,22830000,1.4,75.7,440000,22870000,17.9,71.1,5400000,21490000
MOD16A2.A2022025.h12v11.061.2022041005208.hdf,2022,25,2022-01-25,11.6,66.4,3510000,20100000,27.7,64.7,8390000,19610000,9.3,67.5,2820000,20430000,4.4,70.2,1340000,21260000,3.7,70.2,1120000,21280000,26.1,64.6,7920000,19570000
MOD16A2.A2022033.h12v11.061.2022050003706.hdf,2022,33,2022-02-02,22.6,63.0,6880000,19120000,37.0,62.1,11240000,18860000,21.2,63.2,6420000,19190000,7.4,65.4,2240000,19880000,5.6,67.1,1690000,20370000,35.9,61.4,10890000,18640000
MOD16A2.A2022041.h12v11.061.2022057001439.hdf,2022,41,2022-02-10,4.9,60.9,1500000,18460000,15.1,59.6,4580000,18060000,4.8,61.2,1450000,18550000,1.8,65.3,530000,19810000,1.5,66.6,450000,20200000,16.5,58.0,5010000,17580000
MOD16A2.A2022049.h12v11.061.2022065001242.hdf,2022,49,2022-02-18,1.1,60.0,340000,18160000,18.3,55.1,5520000,16660000,1.0,60.5,290000,18310000,0.8,64.1,240000,19390000,0.6,65.3,200000,19750000,18.0,54.7,5430000,16550000
MOD16A2.A2022057.h12v11.061.2022094163352.hdf,2022,57,2022-02-26,18.3,58.9,5540000,17820000,27.2,56.7,8250000,17160000,15.2,59.8,4590000,18100000,12.5,60.0,3780000,18150000,5.7,63.8,1730000,19310000,25.6,56.3,7750000,17040000
MOD16A2.A2022065.h12v11.061.2022094181248.hdf,2022,65,2022-03-06,29.5,52.5,8970000,15930000,30.2,49.8,9170000,15100000,21.5,51.6,6530000,15650000,13.8,53.1,4200000,16110000,9.7,54.6,2960000,16560000,31.2,49.0,9480000,14880000
MOD16A2.A2022073.h12v11.061.2022101194534.hdf,2022,73,2022-03-14,19.6,40.0,6010000,12250000,27.6,35.5,8460000,10870000,18.1,40.5,5550000,12410000,17.3,40.2,5310000,12340000,14.4,41.6,4410000,12760000,27.5,35.1,8440000,10760000
MOD16A2.A2022081.h12v11.061.2022097030829.hdf,2022,81,2022-03-22,34.6,50.1,10530000,15240000,34.9,49.1,10620000,14950000,31.9,50.0,9710000,15220000,19.8,50.9,6020000,15500000,18.6,51.4,5650000,15640000,34.6,48.7,10540000,14820000
MOD16A2.A2022089.h12v11.061.2022120172831.hdf,2022,89,2022-03-30,22.1,43.6,6740000,13310000,31.3,40.6,9550000,12410000,20.4,43.7,6230000,13330000,20.5,43.2,6250000,13180000,17.1,43.8,5220000,13370000,31.2,40.3,9530000,12310000
MOD16A2.A2022097.h12v11.061.2022120222352.hdf,2022,97,2022-04-07,53.9,45.1,16410000,13750000,30.2,38.6,9190000,11760000,37.0,41.2,11280000,12560000,25.1,40.8,7660000,12420000,19.3,41.5,5870000,12630000,29.7,38.0,9040000,11580000
MOD16A2.A2022105.h12v11.061.2022125110112.hdf,2022,105,2022-04-15,49.7,36.9,15170000,11270000,27.7,35.3,8460000,10790000,29.3,36.5,8960000,11150000,19.4,37.4,5920000,11440000,15.8,37.9,4830000,11570000,27.6,34.8,8420000,10640000
MOD16A2.A2022113.h12v11.061.2022144032115.hdf,2022,113,2022-04-23,44.4,41.6,13510000,12660000,27.2,35.5,8290000,10790000,35.4,39.2,10780000,11940000,20.7,37.5,6310000,11410000,19.8,37.1,6040000,11280000,26.8,35.0,8170000,10660000
MOD16A2.A2022121.h12v11.061.2022144052553.hdf,2022,121,2022-05-01,36.9,36.9,11300000,11290000,23.6,28.6,7240000,8740000,32.8,34.8,10040000,10650000,23.3,31.0,7150000,9500000,19.7,30.2,6040000,9240000,23.6,28.8,7210000,8800000
MOD16A2.A2022129.h12v11.061.2022145012219.hdf,2022,129,2022-05-09,26.7,29.4,8200000,9010000,21.0,24.5,6450000,7520000,26.5,29.1,8150000,8930000,19.4,25.8,5970000,7920000,16.0,25.1,4910000,7710000,20.8,24.6,6380000,7550000
MOD16A2.A2022137.h12v11.061.2022153014742.hdf,2022,137,2022-05-17,24.4,26.5,7500000,8160000,20.7,24.1,6380000,7410000,22.3,26.0,6870000,8010000,14.9,24.6,4570000,7560000,12.4,25.1,3820000,7720000,20.4,24.1,6260000,7400000
MOD16A2.A2022145.h12v11.061.2022161021411.hdf,2022,145,2022-05-25,19.4,20.5,5970000,6290000,14.4,16.0,4420000,4910000,18.3,20.0,5610000,6140000,12.2,17.7,3740000,5450000,12.3,17.6,3780000,5410000,14.7,16.2,4530000,4970000
MOD16A2.A2022153.h12v11.061.2022169022432.hdf,2022,153,2022-06-02,16.0,21.4,4920000,6570000,16.4,20.0,5050000,6150000,15.6,21.1,4790000,6490000,13.9,19.5,4280000,6000000,13.1,18.7,4010000,5740000,15.7,19.6,4820000,6010000
MOD16A2.A2022161.h12v11.061.2022177010102.hdf,2022,161,2022-06-10,15.1,21.2,4640000,6530000,16.2,19.3,4990000,5950000,14.4,20.8,4430000,6410000,12.5,19.7,3860000,6060000,10.0,19.2,3080000,5920000,14.8,18.6,4550000,5740000
MOD16A2.A2022169.h12v11.061.2022185004941.hdf,2022,169,2022-06-18,15.0,20.3,4610000,6230000,14.8,18.7,4550000,5730000,14.4,19.8,4440000,6090000,12.9,18.4,3950000,5650000,12.1,17.9,3720000,5490000,15.5,19.1,4780000,5860000
MOD16A2.A2022177.h12v11.061.2022194164439.hdf,2022,177,2022-06-26,20.0,27.1,6130000,8320000,18.9,24.3,5810000,7460000,20.6,27.5,6310000,8430000,15.5,23.4,4750000,7170000,15.5,23.6,4770000,7220000,18.6,24.0,5700000,7350000
MOD16A2.A2022185.h12v11.061.2022201020159.hdf,2022,185,2022-07-04,22.0,28.5,6720000,8720000,21.1,25.6,6440000,7830000,17.2,27.8,5250000,8480000,17.2,26.7,5250000,8170000,16.3,27.0,4990000,8250000,20.7,25.3,6320000,7720000
MOD16A2.A2022193.h12v11.061.2022209030104.hdf,2022,193,2022-07-12,12.8,19.9,3930000,6120000,15.6,19.5,4790000,6000000,12.4,19.7,3800000,6060000,13.0,19.4,3990000,5970000,11.7,18.8,3590000,5780000,15.0,19.0,4620000,5830000
MOD16A2.A2022201.h12v11.061.2022217010616.hdf,2022,201,2022-07-20,20.3,30.2,6200000,9230000,22.7,28.3,6950000,8640000,21.4,30.5,6530000,9320000,19.5,28.9,5950000,8840000,16.2,28.2,4960000,8610000,23.9,28.7,7310000,8780000
MOD16A2.A2022209.h12v11.061.2022228181956.hdf,2022,209,2022-07-28,18.4,26.8,5630000,8230000,19.6,24.7,6020000,7580000,18.1,26.8,5540000,8230000,15.6,25.6,4780000,7850000,13.1,25.3,4030000,7770000,19.9,24.6,6110000,7530000
MOD16A2.A2022217.h12v11.061.2022234183244.hdf,2022,217,2022-08-05,20.8,28.3,6410000,8710000,17.6,24.4,5410000,7520000,20.1,28.0,6190000,8600000,17.6,26.2,5410000,8060000,15.1,24.7,4650000,7590000,17.3,24.1,5320000,7420000
MOD16A2.A2022225.h12v11.061.2022241012522.hdf,2022,225,2022-08-13,25.6,33.0,7850000,10130000,19.8,28.0,6090000,8590000,22.5,31.8,6900000,9760000,13.0,28.1,4000000,8630000,15.7,28.6,4820000,8800000,20.2,27.7,6210000,8520000
MOD16A2.A2022233.h12v11.061.2022249011900.hdf,2022,233,2022-08-21,24.1,36.7,7370000,11230000,24.5,34.2,7500000,10460000,21.2,35.5,6500000,10860000,18.4,33.7,5640000,10300000,16.1,32.7,4930000,10010000,25.7,34.3,7870000,10500000
MOD16A2.A2022241.h12v11.061.2022258112727.hdf,2022,241,2022-08-29,21.9,32.3,6740000,9930000,19.2,28.9,5900000,8870000,18.7,31.4,5740000,9660000,16.1,30.1,4950000,9260000,13.8,29.6,4250000,9080000,21.1,29.1,6480000,8950000
MOD16A2.A2022249.h12v11.061.2022265030825.hdf,2022,249,2022-09-06,20.9,36.0,6410000,11040000,24.8,34.4,7600000,10560000,18.4,35.6,5660000,10930000,15.7,34.3,4820000,10510000,14.4,34.5,4430000,10590000,25.5,34.3,7810000,10510000
MOD16A2.A2022257.h12v11.061.2022273010931.hdf,2022,257,2022-09-14,24.3,40.7,7460000,12470000,29.2,38.7,8960000,11870000,24.1,40.7,7390000,12480000,17.7,38.2,5420000,11700000,16.6,38.6,5090000,11820000,29.6,38.6,9060000,11820000
MOD16A2.A2022265.h12v11.061.2022281020904.hdf,2022,265,2022-09-22,19.5,30.6,5980000,9400000,22.4,28.9,6880000,8880000,16.8,29.5,5150000,9060000,15.2,28.3,4660000,8690000,14.7,28.2,4510000,8670000,22.4,28.9,6900000,8870000
MOD16A2.A2022273.h12v11.061.2022297134436.hdf,2022,273,2022-09-30,25.7,46.9,7880000,14370000,31.3,45.5,9590000,13920000,32.0,49.1,9810000,15020000,19.4,44.3,5950000,13580000,21.1,45.0,6460000,13780000,32.7,45.6,10030000,13970000
MOD16A2.A2022281.h12v11.061.2022300222229.hdf,2022,281,2022-10-08,18.7,37.7,5740000,11550000,19.7,36.9,6030000,11300000,18.3,37.8,5600000,11600000,17.5,36.7,5380000,11260000,17.0,36.8,5220000,11290000,20.3,36.8,6220000,11280000
MOD16A2.A2022289.h12v11.061.2022305192718.hdf,2022,289,2022-10-16,21.7,46.9,6630000,14340000,23.6,46.1,7200000,14070000,20.9,46.1,6390000,14080000,20.3,46.2,6220000,14110000,19.6,45.7,6000000,13970000,24.5,45.9,7470000,14040000
MOD16A2.A2022297.h12v11.061.2022313050055.hdf,2022,297,2022-10-24,38.0,55.8,11610000,17030000,39.7,52.9,12130000,16150000,35.9,54.7,10950000,16710000,28.9,50.6,8820000,15460000,27.4,50.3,8370000,15360000,40.0,53.0,12220000,16170000
MOD16A2.A2022305.h12v11.061.2022325150330.hdf,2022,305,2022-11-01,41.5,58.7,12710000,17980000,41.2,57.2,12630000,17510000,34.2,57.9,10470000,17750000,31.7,56.9,9720000,17440000,24.6,56.2,7540000,17220000,41.1,56.6,12600000,17350000
MOD16A2.A2022313.h12v11.061.2022329082111.hdf,2022,313,2022-11-09,42.2,56.3,12890000,17210000,38.3,51.3,11690000,15670000,21.3,51.5,6520000,15740000,34.7,52.9,10590000,16170000,29.0,52.0,8870000,15880000,38.1,51.1,11640000,15600000
MOD16A2.A2022321.h12v11.061.2022350150301.hdf,2022,321,2022-11-17,33.3,58.2,10150000,17750000,31.4,55.3,9580000,16850000,35.8,58.6,10930000,17870000,29.3,56.5,8930000,17240000,22.8,56.2,6950000,17140000,29.8,55.0,9080000,16770000
MOD16A2.A2022329.h12v11.061.2022351180041.hdf,2022,329,2022-11-25,47.4,65.3,14410000,19870000,46.4,63.6,14110000,19320000,39.6,65.0,12060000,19770000,37.6,64.4,11440000,19580000,30.8,64.5,9360000,19620000,46.4,63.3,14110000,19230000
MOD16A2.A2022337.h12v11.061.2022360162243.hdf,2022,337,2022-12-03,35.0,65.5,10620000,19860000,44.4,64.3,13460000,19470000,32.3,65.3,9810000,19780000,34.8,64.8,10550000,19650000,23.0,63.2,6980000,19160000,44.1,64.0,13380000,19400000
MOD16A2.A2022345.h12v11.061.2022362184236.hdf,2022,345,2022-12-11,52.3,59.4,15890000,18050000,33.7,56.1,10240000,17060000,39.7,57.9,12080000,17600000,35.7,57.8,10840000,17560000,25.3,57.6,7680000,17520000,38.4,55.3,11680000,16800000
MOD16A2.A2022353.h12v11.061.2023006081510.hdf,2022,353,2022-12-19,22.0,66.0,6670000,20030000,42.2,65.9,12800000,19990000,39.3,64.8,11930000,19650000,26.1,65.8,7910000,19980000,20.8,65.4,6320000,19860000,44.5,64.7,13510000,19650000
MOD16A2.A2022361.h12v11.061.2023014121138.hdf,2022,361,2022-12-27,13.5,42.7,6550000,20750000,16.1,43.4,7820000,21080000,13.1,42.6,6390000,20660000,10.9,42.8,5280000,20780000,9.5,43.1,4640000,20940000,22.2,42.0,10790000,20390000
MOD16A2.A2023001.h12v11.061.2023026200139.hdf,2023,1,2023-01-01,29.1,63.8,8840000,19400000,42.4,62.1,12900000,18870000,37.3,62.9,11350000,19100000,32.7,62.8,9950000,19090000,21.4,64.7,6520000,19650000,42.0,61.4,12770000,18660000
MOD16A2.A2023009.h12v11.061.2023027000930.hdf,2023,9,2023-01-09,15.1,63.0,4580000,19140000,40.8,62.2,12380000,18890000,24.2,62.3,7360000,18920000,29.4,60.9,8930000,18500000,24.7,62.3,7500000,18920000,40.7,61.2,12360000,18590000
MOD16A2.A2023017.h12v11.061.2023032231008.hdf,2023,17,2023-01-17,20.7,67.0,6270000,20270000,37.0,67.5,11190000,20420000,5.3,69.7,1600000,21090000,15.3,67.0,4620000,20270000,10.2,68.2,3080000,20660000,32.6,67.2,9870000,20340000
MOD16A2.A2023025.h12v11.061.2023040231047.hdf,2023,25,2023-01-25,20.8,64.2,6300000,19430000,26.5,63.7,8030000,19290000,19.0,65.7,5780000,19870000,15.9,65.3,4840000,19760000,12.4,65.4,3760000,19810000,25.5,63.5,7720000,19200000
MOD16A2.A2023033.h12v11.061.2023055105951.hdf,2023,33,2023-02-02,18.1,59.2,5490000,17940000,36.8,59.2,11150000,17930000,17.3,60.3,5240000,18280000,15.0,60.5,4550000,18330000,13.0,61.5,3940000,18660000,31.7,58.0,9610000,17570000
MOD16A2.A2023041.h12v11.061.2023057154508.hdf,2023,41,2023-02-10,17.8,58.0,5410000,17620000,38.4,57.4,11650000,17430000,20.1,58.0,6100000,17600000,20.0,57.7,6090000,17520000,18.3,58.5,5560000,17750000,38.0,55.9,11540000,16980000
MOD16A2.A2023049.h12v11.061.2023070091330.hdf,2023,49,2023-02-18,39.9,54.4,12150000,16570000,38.3,52.2,11680000,15910000,26.0,53.5,7930000,16290000,27.2,52.0,8290000,15840000,28.4,52.7,8660000,16050000,38.4,51.6,11680000,15720000
MOD16A2.A2023057.h12v11.061.2023073004141.hdf,2023,57,2023-02-26,32.2,47.1,9820000,14360000,35.3,44.7,10760000,13600000,37.9,49.8,11560000,15160000,27.3,45.3,8330000,13810000,21.0,43.2,6410000,13160000,34.3,43.9,10450000,13360000
MOD16A2.A2023065.h12v11.061.2023080235416.hdf,2023,65,2023-03-06,61.9,65.6,18840000,19970000,43.1,56.8,13090000,17270000,42.3,61.0,12870000,18540000,37.2,59.3,11320000,18030000,24.7,56.9,7510000,17300000,42.7,56.1,12970000,17070000
MOD16A2.A2023073.h12v11.061.2023088235650.hdf,2023,73,2023-03-14,41.8,49.3,12740000,15020000,30.7,39.6,9350000,12050000,35.6,46.1,10850000,14040000,32.6,43.6,9940000,13270000,24.8,39.8,7560000,12130000,30.6,39.2,9310000,11950000
MOD16A2.A2023081.h12v11.061.2023098022822.hdf,2023,81,2023-03-22,39.7,51.3,12080000,15610000,35.3,47.0,10750000,14320000,33.5,50.2,10200000,15290000,26.8,48.0,8170000,14610000,23.9,47.6,7270000,14500000,35.9,47.0,10930000,14300000
MOD16A2.A2023089.h12v11.061.2023105041738.hdf,2023,89,2023-03-30,19.7,41.5,6010000,12640000,29.0,38.9,8820000,11840000,19.5,41.5,5940000,12650000,19.8,40.7,6040000,12410000,15.9,40.8,4840000,12440000,29.4,38.9,8940000,11840000
MOD16A2.A2023097.h12v11.061.2023115165643.hdf,2023,97,2023-04-07,33.9,45.9,10340000,14010000,31.9,41.7,9740000,12730000,36.4,46.7,11110000,14270000,29.2,43.3,8920000,13220000,23.1,41.5,7050000,12670000,31.9,41.4,9740000,12630000
MOD16A2.A2023105.h12v11.061.2023120234228.hdf,2023,105,2023-04-15,32.0,40.0,9820000,12260000,26.4,34.6,8090000,10600000,34.0,40.9,10430000,12550000,27.6,37.3,8470000,11440000,19.6,34.1,6020000,10460000,26.3,34.2,8060000,10490000
MOD16A2.A2023113.h12v11.061.2023129060159.hdf,2023,113,2023-04-23,30.6,39.2,9360000,12010000,24.4,32.9,7460000,10060000,28.0,37.6,8570000,11510000,22.7,34.1,6940000,10420000,19.0,31.9,5810000,9760000,24.7,32.7,7570000,10010000
MOD16A2.A2023121.h12v11.061.2023142233537.hdf,2023,121,2023-05-01,25.0,30.2,7650000,9250000,21.3,25.6,6510000,7830000,25.5,30.7,7810000,9390000,21.1,26.4,6450000,8080000,19.6,25.3,6010000,7730000,19.9,24.5,6100000,7500000
MOD16A2.A2023129.h12v11.061.2023144234819.hdf,2023,129,2023-05-09,20.6,30.5,6330000,9380000,23.5,29.0,7220000,8900000,22.1,30.9,6800000,9490000,18.0,28.9,5530000,8870000,14.4,28.5,4420000,8740000,23.4,29.0,7180000,8900000
MOD16A2.A2023137.h12v11.061.2023153165444.hdf,2023,137,2023-05-17,22.4,28.9,6860000,8840000,23.2,26.8,7100000,8210000,20.7,28.0,6350000,8580000,18.4,26.4,5630000,8070000,14.7,24.8,4500000,7590000,20.2,25.2,6190000,7700000
MOD16A2.A2023145.h12v11.061.2023163215245.hdf,2023,145,2023-05-25,23.1,30.0,7080000,9170000,17.0,24.1,5200000,7390000,20.3,28.2,6230000,8620000,19.4,27.0,5930000,8270000,17.0,25.6,5210000,7840000,18.6,24.8,5690000,7590000
MOD16A2.A2023153.h12v11.061.2023168235140.hdf,2023,153,2023-06-02,20.2,29.4,6190000,9010000,24.1,29.0,7380000,8870000,19.5,29.0,5970000,8860000,19.9,28.5,6100000,8720000,16.2,26.6,4970000,8130000,20.7,26.8,6340000,8200000
MOD16A2.A2023161.h12v11.061.2023177001421.hdf,2023,161,2023-06-10,14.4,17.9,4430000,5510000,14.6,16.3,4500000,5020000,13.8,17.6,4270000,5420000,11.9,16.3,3660000,5020000,11.1,16.1,3430000,4960000,13.8,15.7,4250000,4830000
MOD16A2.A2023169.h12v11.061.2023191141532.hdf,2023,169,2023-06-18,19.2,26.3,5880000,8070000,17.8,23.3,5440000,7150000,17.3,25.0,5310000,7650000,16.9,24.1,5180000,7380000,15.3,23.1,4700000,7070000,18.6,23.8,5720000,7290000
MOD16A2.A2023177.h12v11.061.2023199155642.hdf,2023,177,2023-06-26,16.7,26.2,5130000,8030000,20.0,26.0,6120000,7960000,17.3,26.6,5290000,8130000,17.4,25.9,5330000,7920000,15.7,24.8,4800000,7600000,19.6,25.6,5990000,7830000
MOD16A2.A2023185.h12v11.061.2023213160319.hdf,2023,185,2023-07-04,17.4,22.9,5310000,7010000,18.5,21.7,5650000,6630000,16.8,22.5,5140000,6900000,18.8,23.2,5760000,7090000,15.4,21.3,4710000,6510000,17.9,21.2,5480000,6470000
MOD16A2.A2023193.h12v11.061.2023215164716.hdf,2023,193,2023-07-12,14.1,21.7,4340000,6680000,14.1,19.5,4350000,6020000,12.4,20.7,3840000,6390000,12.3,20.1,3790000,6210000,11.3,19.7,3490000,6070000,14.8,19.7,4560000,6070000
MOD16A2.A2023201.h12v11.061.2023217000900.hdf,2023,201,2023-07-20,19.3,27.6,5920000,8440000,18.3,24.7,5610000,7560000,21.2,28.6,6480000,8760000,19.5,27.0,5980000,8270000,17.1,25.4,5240000,7790000,20.6,25.8,6300000,7900000
MOD16A2.A2023209.h12v11.061.2023226163500.hdf,2023,209,2023-07-28,18.2,32.0,5570000,9790000,21.9,31.1,6700000,9530000,18.1,31.9,5530000,9760000,19.4,31.7,5950000,9690000,15.5,29.8,4750000,9120000,22.3,31.1,6810000,9500000
MOD16A2.A2023217.h12v11.061.2023235034115.hdf,2023,217,2023-08-05,16.9,28.7,5180000,8770000,18.6,27.2,5680000,8330000,17.5,28.9,5370000,8850000,17.3,27.9,5290000,8530000,15.3,27.0,4670000,8260000,21.7,28.5,6640000,8710000
MOD16A2.A2023225.h12v11.061.2023240234227.hdf,2023,225,2023-08-13,19.6,33.6,6010000,10300000,23.0,32.0,7040000,9810000,18.9,33.4,5800000,10220000,20.3,32.8,6230000,10050000,15.5,31.4,4760000,9610000,23.0,31.9,7040000,9760000
MOD16A2.A2023233.h12v11.061.2023251174631.hdf,2023,233,2023-08-21,25.4,37.9,7790000,11610000,25.7,35.0,7870000,10730000,22.7,37.3,6950000,11430000,22.4,36.0,6850000,11010000,19.0,35.1,5830000,10760000,26.7,35.0,8160000,10730000
MOD16A2.A2023241.h12v11.061.2023257001148.hdf,2023,241,2023-08-29,20.0,38.4,6100000,11720000,27.5,37.2,8390000,11350000,19.9,38.7,6070000,11800000,18.2,37.1,5540000,11330000,15.7,36.7,4810000,11210000,27.8,36.9,8470000,11270000
MOD16A2.A2023249.h12v11.061.2023265002010.hdf,2023,249,2023-09-06,24.3,35.6,7430000,10890000,25.0,33.0,7620000,10080000,23.5,35.2,7170000,10740000,21.7,33.5,6630000,10240000,19.5,32.4,5970000,9910000,26.3,33.6,8030000,10270000
MOD16A2.A2023257.h12v11.061.2023273001054.hdf,2023,257,2023-09-14,31.9,49.9,9730000,15230000,34.5,47.5,10530000,14480000,28.0,49.0,8560000,14950000,27.2,47.6,8310000,14520000,23.4,46.7,7140000,14240000,34.7,47.2,10580000,14390000
MOD16A2.A2023265.h12v11.061.2023283163512.hdf,2023,265,2023-09-22,29.5,50.0,9000000,15230000,34.6,47.6,10530000,14490000,27.1,50.0,8270000,15220000,29.3,49.3,8940000,15000000,23.3,49.6,7090000,15080000,35.0,47.4,10640000,14400000
MOD16A2.A2023273.h12v11.061.2023289000202.hdf,2023,273,2023-09-30,28.1,42.9,8590000,13090000,30.1,39.9,9210000,12170000,26.6,41.9,8140000,12800000,26.9,41.7,8210000,12750000,21.4,40.7,6530000,12430000,30.1,39.6,9210000,12100000
MOD16A2.A2023281.h12v11.061.2023298214050.hdf,2023,281,2023-10-08,38.1,53.8,11650000,16440000,36.5,50.1,11150000,15320000,37.0,53.3,11320000,16300000,33.0,51.0,10080000,15600000,27.8,49.5,8490000,15120000,38.0,50.4,11620000,15390000
MOD16A2.A2023289.h12v11.061.2023305025621.hdf,2023,289,2023-10-16,22.6,50.5,6880000,15320000,37.1,49.9,11260000,15140000,22.6,50.3,6860000,15260000,24.1,49.6,7330000,15050000,20.3,48.9,6160000,14860000,37.1,49.7,11270000,15090000
MOD16A2.A2023297.h12v11.061.2023312235957.hdf,2023,297,2023-10-24,35.1,42.4,10720000,12930000,29.4,35.8,8970000,10930000,32.8,40.7,10020000,12420000,27.5,36.7,8380000,11200000,26.3,35.9,8040000,10970000,29.4,35.7,8970000,10890000
MOD16A2.A2023305.h12v11.061.2023320224247.hdf,2023,305,2023-11-01,50.3,61.8,15380000,18910000,37.9,52.9,11590000,16190000,40.2,56.6,12300000,17300000,36.6,54.7,11180000,16730000,29.3,51.7,8960000,15800000,37.5,52.1,11470000,15930000
MOD16A2.A2023313.h12v11.061.2023331135634.hdf,2023,313,2023-11-09,46.4,56.7,14130000,17250000,38.2,47.8,11630000,14530000,44.4,55.2,13510000,16800000,37.3,50.4,11350000,15320000,34.9,49.1,10610000,14940000,38.0,47.3,11550000,14370000
MOD16A2.A2023321.h12v11.061.2023340003518.hdf,2023,321,2023-11-17,28.4,41.1,8670000,12530000,32.7,42.1,9970000,12810000,29.3,41.9,8930000,12750000,28.5,40.8,8690000,12440000,27.3,40.0,8310000,12200000,32.6,41.8,9940000,12740000
MOD16A2.A2023329.h12v11.061.2023344222229.hdf,2023,329,2023-11-25,38.1,46.6,11630000,14210000,33.4,40.9,10190000,12480000,37.8,46.5,11530000,14180000,32.8,41.4,10000000,12620000,32.5,41.4,9920000,12620000,33.9,41.3,10340000,12580000
MOD16A2.A2023337.h12v11.061.2024003095719.hdf,2023,337,2023-12-03,53.5,64.2,16310000,19580000,40.3,51.5,12290000,15700000,45.2,58.1,13790000,17710000,37.3,51.7,11360000,15750000,37.1,52.0,11320000,15840000,38.1,50.0,11600000,15250000
MOD16A2.A2023345.h12v11.061.2024005152511.hdf,2023,345,2023-12-11,68.5,78.9,20840000,24000000,47.4,61.4,14420000,18660000,65.5,77.1,19910000,23450000,52.0,68.3,15830000,20770000,46.0,65.3,14000000,19850000,47.7,61.4,14500000,18670000
MOD16A2.A2023353.h12v11.061.2024006010732.hdf,2023,353,2023-12-19,53.8,64.6,16380000,19660000,40.4,52.1,12310000,15860000,49.4,61.6,15050000,18770000,45.3,58.4,13810000,17800000,40.1,55.0,12200000,16750000,40.7,52.0,12400000,15850000
MOD16A2.A2023361.h12v11.061.2024009052446.hdf,2023,361,2023-12-27,31.9,40.1,15550000,19580000,26.3,34.4,12840000,16790000,33.1,41.0,16170000,20010000,30.9,39.2,15080000,19120000,22.6,34.5,11010000,16850000,25.5,34.1,12450000,16640000
MOD16A2.A2024001.h12v11.061.2024018231358.hdf,2024,1,2024-01-01,57.8,76.6,17600000,23300000,50.7,69.0,15430000,20990000,59.6,77.6,18140000,23620000,56.3,75.1,17130000,22840000,49.5,72.1,15060000,21950000,50.2,68.9,15260000,20940000
MOD16A2.A2024009.h12v11.061.2024027091158.hdf,2024,9,2024-01-09,44.6,63.7,13560000,19350000,45.6,60.0,13850000,18220000,36.1,59.7,10980000,18150000,38.6,60.1,11720000,18260000,33.3,57.7,10110000,17530000,45.0,59.5,13690000,18090000
MOD16A2.A2024017.h12v11.061.2024034031613.hdf,2024,17,2024-01-17,59.2,74.4,18010000,22640000,48.1,64.7,14640000,19690000,45.1,67.9,13740000,20660000,44.6,66.9,13590000,20360000,52.6,70.9,16010000,21570000,46.7,63.8,14200000,19410000
MOD16A2.A2024025.h12v11.061.2024041005319.hdf,2024,25,2024-01-25,80.2,82.6,24450000,25180000,50.2,70.2,15290000,21390000,54.1,73.6,16480000,22430000,51.7,72.3,15750000,22040000,41.0,69.4,12500000,21120000,48.2,68.7,14670000,20920000
MOD16A2.A2024033.h12v11.061.2024049002206.hdf,2024,33,2024-02-02,22.0,61.3,6690000,18580000,44.6,61.5,13540000,18650000,21.0,60.9,6390000,18460000,19.4,60.1,5880000,18230000,24.2,60.3,7330000,18300000,44.3,60.7,13450000,18410000
MOD16A2.A2024041.h12v11.061.2024061023758.hdf,2024,41,2024-02-10,31.1,47.4,9480000,14440000,37.3,48.2,11380000,14690000,30.4,47.0,9270000,14320000,27.9,44.9,8510000,13700000,26.6,44.1,8100000,13450000,37.6,48.0,11450000,14640000
MOD16A2.A2024049.h12v11.061.2024066061743.hdf,2024,49,2024-02-18,41.0,59.6,12490000,18140000,41.1,56.2,12500000,17110000,38.3,58.9,11670000,17940000,31.5,55.8,9590000,16990000,28.7,54.9,8730000,16710000,40.8,55.6,12440000,16930000
MOD16A2.A2024057.h12v11.061.2024073144004.hdf,2024,57,2024-02-26,43.8,55.3,13320000,16820000,38.1,48.0,11610000,14590000,40.6,53.1,12350000,16160000,35.7,49.3,10860000,15000000,34.9,49.3,10620000,14990000,37.6,47.2,11430000,14350000
MOD16A2.A2024065.h12v11.061.2024088220052.hdf,2024,65,2024-03-05,40.3,58.0,12250000,17660000,42.4,55.5,12910000,16890000,40.0,58.1,12180000,17680000,33.2,54.8,10120000,16680000,30.3,54.0,9220000,16420000,42.4,55.0,12910000,16740000
MOD16A2.A2024073.h12v11.061.2024099145210.hdf,2024,73,2024-03-13,42.7,58.2,12950000,17650000,40.4,54.7,12260000,16570000,41.3,58.0,12530000,17600000,27.8,55.8,8450000,16930000,24.1,55.8,7300000,16920000,38.6,53.9,11710000,16330000
MOD16A2.A2024081.h12v11.061.2024099165323.hdf,2024,81,2024-03-21,42.6,51.8,12970000,15780000,33.8,47.7,10300000,14530000,46.0,52.6,14020000,16020000,27.1,48.9,8250000,14900000,21.0,49.3,6410000,15010000,34.5,47.4,10490000,14430000
MOD16A2.A2024089.h12v11.061.2024104235839.hdf,2024,89,2024-03-29,37.7,50.0,11440000,15170000,35.1,48.5,10650000,14730000,31.1,49.9,9440000,15160000,22.8,49.3,6910000,14970000,19.3,50.1,5870000,15210000,35.1,48.1,10670000,14580000
MOD16A2.A2024097.h12v11.061.2024116112733.hdf,2024,97,2024-04-06,35.2,41.2,10700000,12540000,29.5,36.2,8960000,11010000,34.1,40.9,10370000,12440000,25.1,38.2,7640000,11610000,20.7,37.2,6280000,11310000,28.7,35.9,8720000,10920000
MOD16A2.A2024105.h12v11.061.2024121001523.hdf,2024,105,2024-04-14,34.0,38.7,10390000,11840000,27.6,33.6,8440000,10260000,27.8,36.3,8490000,11080000,27.5,35.6,8400000,10870000,18.2,32.9,5570000,10060000,26.3,32.8,8030000,10020000
MOD16A2.A2024113.h12v11.061.2024130222029.hdf,2024,113,2024-04-22,28.1,39.5,8550000,12000000,30.7,37.9,9340000,11510000,26.1,38.9,7940000,11820000,24.5,38.2,7460000,11610000,20.6,37.4,6270000,11370000,30.2,37.0,9180000,11240000
MOD16A2.A2024121.h12v11.061.2024137000630.hdf,2024,121,2024-04-30,29.7,36.9,9040000,11210000,25.0,33.8,7610000,10290000,26.8,36.2,8150000,11000000,18.5,35.4,5640000,10770000,18.5,34.2,5630000,10410000,24.8,33.2,7540000,10100000
MOD16A2.A2024129.h12v11.061.2024153211110.hdf,2024,129,2024-05-08,21.9,28.0,6710000,8580000,20.7,25.2,6350000,7740000,20.4,27.4,6270000,8400000,19.9,26.6,6120000,8160000,14.9,24.2,4560000,7430000,20.9,25.1,6400000,7710000
MOD16A2.A2024137.h12v11.061.2024156054002.hdf,2024,137,2024-05-16,26.6,32.2,8140000,9830000,26.2,29.5,8010000,9020000,23.9,31.0,7310000,9460000,25.6,31.2,7810000,9520000,18.7,28.2,5700000,8610000,26.7,29.6,8150000,9040000
MOD16A2.A2024145.h12v11.061.2024162122753.hdf,2024,145,2024-05-24,13.8,23.4,4250000,7210000,16.8,22.0,5180000,6780000,13.7,23.3,4230000,7180000,11.5,22.0,3550000,6780000,10.3,21.7,3190000,6700000,17.0,21.9,5230000,6740000
MOD16A2.A2024153.h12v11.061.2024169000415.hdf,2024,153,2024-06-01,16.3,27.6,4980000,8430000,24.3,26.0,7410000,7930000,20.0,27.6,6120000,8430000,16.4,26.4,5010000,8070000,13.3,26.5,4080000,8100000,21.4,25.4,6530000,7760000
MOD16A2.A2024161.h12v11.061.2024180045522.hdf,2024,161,2024-06-09,16.3,28.2,4970000,8590000,19.2,26.4,5830000,8040000,15.6,28.3,4740000,8620000,18.2,27.1,5530000,8260000,12.0,29.1,3640000,8840000,19.8,26.3,6020000,8000000
MOD16A2.A2024169.h12v11.061.2024185001141.hdf,2024,169,2024-06-17,20.5,25.5,6260000,7790000,17.6,22.3,5390000,6810000,18.6,25.0,5670000,7640000,16.9,24.1,5170000,7350000,14.9,23.7,4560000,7240000,17.9,22.3,5450000,6820000
MOD16A2.A2024177.h12v11.061.2024195014102.hdf,2024,177,2024-06-25,16.8,22.7,5180000,6980000,18.2,21.1,5610000,6510000,15.5,22.2,4770000,6850000,14.8,21.3,4550000,6550000,12.2,20.7,3760000,6370000,15.5,19.8,4780000,6110000
MOD16A2.A2024185.h12v11.061.2024201001430.hdf,2024,185,2024-07-03,11.8,20.7,3640000,6370000,15.1,19.3,4650000,5940000,11.2,20.6,3460000,6350000,12.8,20.1,3930000,6180000,10.1,19.8,3100000,6110000,8.5,18.3,2620000,5640000
MOD16A2.A2024193.h12v11.061.2024210211604.hdf,2024,193,2024-07-11,15.8,22.6,4880000,6960000,16.5,20.7,5070000,6390000,13.6,21.4,4190000,6590000,13.8,20.8,4270000,6420000,11.4,19.9,3520000,6130000,14.6,19.8,4510000,6090000
MOD16A2.A2024201.h12v11.061.2024221172916.hdf,2024,201,2024-07-19,23.4,29.2,7160000,8930000,23.8,27.5,7280000,8400000,15.7,28.6,4820000,8740000,13.7,27.6,4190000,8440000,13.2,27.8,4030000,8510000,21.4,26.8,6540000,8180000
MOD16A2.A2024209.h12v11.061.2024227213400.hdf,2024,209,2024-07-27,13.9,26.4,4250000,8080000,18.8,23.8,5740000,7270000,15.4,26.3,4720000,8060000,15.3,25.4,4680000,7780000,13.8,25.7,4220000,7870000,18.8,23.7,5750000,7240000
MOD16A2.A2024217.h12v11.061.2024234165629.hdf,2024,217,2024-08-04,12.4,25.6,3810000,7870000,19.0,23.3,5830000,7170000,12.4,25.6,3800000,7880000,14.1,24.7,4330000,7600000,10.4,25.5,3200000,7840000,17.9,23.1,5490000,7100000
MOD16A2.A2024225.h12v11.061.2024241164432.hdf,2024,225,2024-08-12,14.7,32.7,4490000,9990000,21.6,30.2,6600000,9240000,15.4,32.5,4720000,9940000,16.3,30.7,4970000,9400000,10.9,33.8,3320000,10330000,21.9,30.0,6690000,9170000
MOD16A2.A2024233.h12v11.061.2024249201139.hdf,2024,233,2024-08-20,15.6,30.1,4800000,9250000,16.4,27.8,5040000,8530000,14.8,30.0,4550000,9200000,13.9,29.1,4250000,8920000,11.2,29.0,3450000,8920000,20.4,28.3,6270000,8700000
MOD16A2.A2024241.h12v11.061.2024258040122.hdf,2024,241,2024-08-28,24.1,29.4,7380000,8990000,22.6,26.3,6900000,8050000,16.5,29.1,5060000,8920000,14.8,28.6,4530000,8760000,13.1,28.8,4030000,8810000,23.1,26.4,7080000,8080000
MOD16A2.A2024249.h12v11.061.2024267221727.hdf,2024,249,2024-09-05,17.8,35.4,5420000,10810000,24.3,32.0,7400000,9750000,18.5,35.1,5640000,10710000,14.4,35.4,4390000,10790000,11.6,36.7,3530000,11190000,25.3,31.7,7730000,9660000
MOD16A2.A2024257.h12v11.061.2024275135435.hdf,2024,257,2024-09-13,26.9,39.0,8220000,11920000,28.3,36.7,8650000,11210000,28.9,39.1,8840000,11950000,26.5,37.8,8110000,11560000,23.6,37.7,7200000,11500000,29.2,36.5,8930000,11140000
MOD16A2.A2024265.h12v11.061.2024284095816.hdf,2024,265,2024-09-21,24.1,42.2,7350000,12850000,30.3,40.3,9220000,12280000,22.7,41.9,6930000,12770000,24.0,41.2,7320000,12550000,17.5,41.4,5320000,12590000,30.9,40.0,9420000,12160000
MOD16A2.A2024273.h12v11.061.2024289184256.hdf,2024,273,2024-09-29,16.4,41.2,4990000,12540000,27.7,38.5,8430000,11740000,17.4,40.8,5320000,12440000,18.1,40.0,5520000,12200000,14.2,40.9,4330000,12470000,27.6,38.2,8410000,11630000
MOD16A2.A2024281.h12v11.061.2024297210041.hdf,2024,281,2024-10-07,29.4,41.5,8970000,12670000,27.8,37.0,8470000,11270000,25.2,40.0,7710000,12210000,25.8,39.0,7870000,11900000,18.0,37.4,5510000,11400000,27.1,36.6,8270000,11150000
MOD16A2.A2024289.h12v11.061.2024305050032.hdf,2024,289,2024-10-15,24.7,44.7,7520000,13610000,34.3,45.6,10450000,13880000,25.6,45.2,7800000,13760000,27.0,44.9,8230000,13690000,24.0,43.9,7320000,13360000,35.4,45.7,10790000,13930000
MOD16A2.A2024297.h12v11.061.2024312232801.hdf,2024,297,2024-10-23,45.8,61.0,13960000,18550000,43.8,58.5,13330000,17790000,40.7,60.6,12380000,18450000,39.2,59.3,11930000,18040000,26.8,58.8,8150000,17910000,43.6,57.8,13270000,17580000
MOD16A2.A2024305.h12v11.061.2024325213309.hdf,2024,305,2024-10-31,41.8,57.4,12710000,17470000,40.3,52.9,12260000,16100000,35.4,55.9,10770000,17000000,29.8,53.9,9070000,16400000,27.3,53.5,8320000,16280000,40.8,52.9,12400000,16070000
MOD16A2.A2024313.h12v11.061.2024328225111.hdf,2024,313,2024-11-08,56.3,68.6,17150000,20890000,45.6,66.1,13890000,20150000,35.8,67.0,10910000,20400000,35.0,66.0,10660000,20110000,28.1,66.0,8570000,20110000,45.6,65.8,13880000,20040000
MOD16A2.A2024321.h12v11.061.2024337201136.hdf,2024,321,2024-11-16,20.2,58.5,6150000,17760000,36.2,58.2,11000000,17640000,21.2,58.7,6430000,17790000,16.7,58.0,5060000,17600000,13.8,58.0,4190000,17590000,36.5,57.5,11070000,17450000
MOD16A2.A2024329.h12v11.061.2024344222404.hdf,2024,329,2024-11-24,31.5,57.8,9580000,17530000,32.0,53.6,9710000,16240000,24.3,55.5,7390000,16840000,20.5,54.1,6240000,16400000,16.2,53.7,4910000,16270000,31.7,52.9,9620000,16040000
MOD16A2.A2024337.h12v11.061.2024352223154.hdf,2024,337,2024-12-02,49.4,59.8,15080000,18220000,39.4,51.7,12030000,15770000,36.0,53.8,11000000,16390000,33.4,51.9,10180000,15830000,26.8,50.1,8170000,15280000,39.5,51.3,12030000,15650000
MOD16A2.A2024345.h12v11.061.2024365215200.hdf,2024,345,2024-12-10,54.2,69.9,16530000,21340000,42.0,60.8,12830000,18570000,52.2,69.1,15920000,21070000,42.8,64.0,13050000,19540000,33.9,60.8,10350000,18560000,44.7,61.3,13630000,18710000
MOD16A2.A2024353.h12v11.061.2025003012622.hdf,2024,353,2024-12-18,57.2,71.8,17440000,21880000,46.1,64.8,14060000,19730000,49.3,69.1,15020000,21070000,42.2,66.3,12880000,20220000,25.7,62.3,7850000,18980000,47.1,64.5,14360000,19660000
MOD16A2.A2024361.h12v11.061.2025009021013.hdf,2024,361,2024-12-26,42.9,53.0,17450000,21530000,37.2,50.1,15120000,20340000,35.5,51.5,14420000,20950000,28.7,49.8,11660000,20240000,20.9,48.9,8490000,19860000,36.0,49.5,14620000,20120000
