category,type,lon,lat,centroid_lon,centroid_lat,elevation_m,elevation_m_est,drop_to_lowest_neighbor_m,estimated_height_m,estimated_waterfall_height_m,higher_neighbors,size_pixels,approx_area_ha,flow_accumulation_cells,gps_altitude_m,confidence,source,note
waterfall,waterfall_candidate,-57.01902777776062,-25.625138888904488,,,287.0,,28.0,,28.0,2,,,,,high,DEM step-detection (ALOS AW3D30 30m),
waterfall,waterfall_candidate,-57.018749999982845,-25.625138888904488,,,296.0,,28.0,,28.0,2,,,,,high,DEM step-detection (ALOS AW3D30 30m),
waterfall,waterfall_candidate,-57.01652777776062,-25.626805555571156,,,235.0,,27.0,,27.0,2,,,,,high,DEM step-detection (ALOS AW3D30 30m),
waterfall,waterfall_candidate,-57.015972222205065,-25.626805555571156,,,234.0,,26.0,,26.0,2,,,,,high,DEM step-detection (ALOS AW3D30 30m),
waterfall,waterfall_candidate,-57.01847222220507,-25.625416666682266,,,275.0,,25.0,,25.0,2,,,,,high,DEM step-detection (ALOS AW3D30 30m),
waterfall,waterfall_candidate,-57.01986111109396,-25.625416666682266,,,226.0,,24.0,,24.0,2,,,,,high,DEM step-detection (ALOS AW3D30 30m),
waterfall,waterfall_candidate,-57.018749999982845,-25.625694444460045,,,245.0,,24.0,,24.0,2,,,,,high,DEM step-detection (ALOS AW3D30 30m),
waterfall,waterfall_candidate,-57.01819444442729,-25.625694444460045,,,260.0,,24.0,,24.0,2,,,,,high,DEM step-detection (ALOS AW3D30 30m),
waterfall,waterfall_candidate,-57.02041666664951,-25.624583333348934,,,207.0,,23.0,,23.0,2,,,,,high,DEM step-detection (ALOS AW3D30 30m),
waterfall,waterfall_candidate,-57.01986111109396,-25.625138888904488,,,236.0,,23.0,,23.0,2,,,,,high,DEM step-detection (ALOS AW3D30 30m),
waterfall,waterfall_candidate,-57.0193055555384,-25.625138888904488,,,271.0,,23.0,,23.0,2,,,,,high,DEM step-detection (ALOS AW3D30 30m),
waterfall,waterfall_candidate,-57.015972222205065,-25.625138888904488,,,298.0,,23.0,,23.0,2,,,,,high,DEM step-detection (ALOS AW3D30 30m),
waterfall,waterfall_candidate,-57.018749999982845,-25.625416666682266,,,268.0,,23.0,,23.0,2,,,,,high,DEM step-detection (ALOS AW3D30 30m),
waterfall,waterfall_candidate,-57.01819444442729,-25.625416666682266,,,283.0,,23.0,,23.0,2,,,,,high,DEM step-detection (ALOS AW3D30 30m),
waterfall,waterfall_candidate,-57.015972222205065,-25.625416666682266,,,290.0,,23.0,,23.0,2,,,,,high,DEM step-detection (ALOS AW3D30 30m),
waterfall,waterfall_candidate,-57.01569444442729,-25.625416666682266,,,267.0,,23.0,,23.0,2,,,,,high,DEM step-detection (ALOS AW3D30 30m),
waterfall,waterfall_candidate,-57.01902777776062,-25.625694444460045,,,237.0,,23.0,,23.0,2,,,,,high,DEM step-detection (ALOS AW3D30 30m),
waterfall,waterfall_candidate,-57.01847222220507,-25.625694444460045,,,250.0,,23.0,,23.0,2,,,,,high,DEM step-detection (ALOS AW3D30 30m),
waterfall,waterfall_candidate,-57.01791666664951,-25.625694444460045,,,271.0,,23.0,,23.0,2,,,,,high,DEM step-detection (ALOS AW3D30 30m),
waterfall,waterfall_candidate,-57.015972222205065,-25.625694444460045,,,285.0,,23.0,,23.0,2,,,,,high,DEM step-detection (ALOS AW3D30 30m),
waterfall,waterfall_candidate,-57.01819444442729,-25.61958333334893,,,257.0,,22.0,,22.0,2,,,,,high,DEM step-detection (ALOS AW3D30 30m),
waterfall,waterfall_candidate,-57.02097222220507,-25.621805555571154,,,241.0,,22.0,,22.0,2,,,,,high,DEM step-detection (ALOS AW3D30 30m),
waterfall,waterfall_candidate,-57.02069444442729,-25.622083333348932,,,235.0,,22.0,,22.0,2,,,,,high,DEM step-detection (ALOS AW3D30 30m),
waterfall,waterfall_candidate,-57.01958333331618,-25.624861111126712,,,264.0,,22.0,,22.0,2,,,,,high,DEM step-detection (ALOS AW3D30 30m),
waterfall,waterfall_candidate,-57.01902777776062,-25.625416666682266,,,259.0,,22.0,,22.0,2,,,,,high,DEM step-detection (ALOS AW3D30 30m),
waterfall,waterfall_candidate,-57.01569444442729,-25.625972222237824,,,259.0,,22.0,,22.0,2,,,,,high,DEM step-detection (ALOS AW3D30 30m),
waterfall,waterfall_candidate,-57.01652777776062,-25.626527777793378,,,257.0,,22.0,,22.0,2,,,,,high,DEM step-detection (ALOS AW3D30 30m),
waterfall,waterfall_candidate,-57.01569444442729,-25.626805555571156,,,225.0,,22.0,,22.0,2,,,,,high,DEM step-detection (ALOS AW3D30 30m),
waterfall,waterfall_candidate,-57.0168055555384,-25.619305555571156,,,279.0,,21.0,,21.0,2,,,,,high,DEM step-detection (ALOS AW3D30 30m),
waterfall,waterfall_candidate,-57.02041666664951,-25.62236111112671,,,225.0,,21.0,,21.0,2,,,,,high,DEM step-detection (ALOS AW3D30 30m),
waterfall,waterfall_candidate,-57.01986111109396,-25.624861111126712,,,242.0,,21.0,,21.0,2,,,,,high,DEM step-detection (ALOS AW3D30 30m),
waterfall,waterfall_candidate,-57.0193055555384,-25.624861111126712,,,285.0,,21.0,,21.0,2,,,,,high,DEM step-detection (ALOS AW3D30 30m),
waterfall,waterfall_candidate,-57.01763888887174,-25.625694444460045,,,280.0,,21.0,,21.0,2,,,,,high,DEM step-detection (ALOS AW3D30 30m),
waterfall,waterfall_candidate,-57.0168055555384,-25.626527777793378,,,251.0,,21.0,,21.0,2,,,,,high,DEM step-detection (ALOS AW3D30 30m),
waterfall,waterfall_candidate,-57.01624999998285,-25.626527777793378,,,258.0,,21.0,,21.0,2,,,,,high,DEM step-detection (ALOS AW3D30 30m),
waterfall,waterfall_candidate,-57.01986111109396,-25.61958333334893,,,241.0,,20.0,,20.0,2,,,,,high,DEM step-detection (ALOS AW3D30 30m),
waterfall,waterfall_candidate,-57.015972222205065,-25.61958333334893,,,322.0,,20.0,,20.0,2,,,,,high,DEM step-detection (ALOS AW3D30 30m),
waterfall,waterfall_candidate,-57.01652777776062,-25.61986111112671,,,317.0,,20.0,,20.0,2,,,,,high,DEM step-detection (ALOS AW3D30 30m),
waterfall,waterfall_candidate,-57.020138888871735,-25.62013888890449,,,267.0,,20.0,,20.0,2,,,,,high,DEM step-detection (ALOS AW3D30 30m),
waterfall,waterfall_candidate,-57.02208333331618,-25.62097222223782,,,226.0,,20.0,,20.0,2,,,,,high,DEM step-detection (ALOS AW3D30 30m),
waterfall,waterfall_candidate,-57.02124999998284,-25.621805555571154,,,225.0,,20.0,,20.0,2,,,,,high,DEM step-detection (ALOS AW3D30 30m),
waterfall,waterfall_candidate,-57.02041666664951,-25.622083333348932,,,245.0,,20.0,,20.0,2,,,,,high,DEM step-detection (ALOS AW3D30 30m),
waterfall,waterfall_candidate,-57.02069444442729,-25.62236111112671,,,213.0,,20.0,,20.0,2,,,,,high,DEM step-detection (ALOS AW3D30 30m),
waterfall,waterfall_candidate,-57.01902777776062,-25.6237500000156,,,288.0,,20.0,,20.0,2,,,,,high,DEM step-detection (ALOS AW3D30 30m),
waterfall,waterfall_candidate,-57.01958333331618,-25.624305555571155,,,264.0,,20.0,,20.0,2,,,,,high,DEM step-detection (ALOS AW3D30 30m),
waterfall,waterfall_candidate,-57.01902777776062,-25.624305555571155,,,303.0,,20.0,,20.0,2,,,,,high,DEM step-detection (ALOS AW3D30 30m),
waterfall,waterfall_candidate,-57.01791666664951,-25.624861111126712,,,326.0,,20.0,,20.0,2,,,,,high,DEM step-detection (ALOS AW3D30 30m),
waterfall,waterfall_candidate,-57.01958333331618,-25.625138888904488,,,256.0,,20.0,,20.0,2,,,,,high,DEM step-detection (ALOS AW3D30 30m),
waterfall,waterfall_candidate,-57.01569444442729,-25.625138888904488,,,275.0,,20.0,,20.0,2,,,,,high,DEM step-detection (ALOS AW3D30 30m),
waterfall,waterfall_candidate,-57.01791666664951,-25.625972222237824,,,248.0,,20.0,,20.0,2,,,,,high,DEM step-detection (ALOS AW3D30 30m),
wetland_cluster,wetland,,,-57.03618436227747,-25.606809550482087,,176.2,,,,,5,0.45,,,high,MapBiomas 2023,
wetland_cluster,wetland,,,-57.03709166071443,-25.60580343736387,,243.66666666666666,,,,,6,0.54,,,high,MapBiomas 2023,
wetland_cluster,wetland,,,-57.03648702542704,-25.606204224182935,,214.30769230769232,,,,,13,1.17,,,high,MapBiomas 2023,
waterfall_confirmed,waterfall,-57.0264,-25.6074,,,,,,,,,,,,274,very_high,Wes GPS walk 2026-06-28,"Outside current DEM coverage (DEM ends at lat -25.615, waterfall at lat -25.607). GPS altitude 274m is the top of the waterfall; the drop is somewhere between 5-50m based on DEM elevation gradients in the parcel."
quebrada_outlet,stream_outlet,-57.0193,-25.6318,,,143,,,,,,,,220.0,,high,,Computed from DEM D8 flow accumulation - downstream end of main quebrada
