species,kingdom,family,genus,decimalLatitude,decimalLongitude,year,basisOfRecord,occurrenceID,license
Turdus amaurochalinus,Animalia,Turdidae,Turdus,-25.1718,-57.4809,2026,HUMAN_OBSERVATION,https://www.inaturalist.org/observations/333040734,http://creativecommons.org/licenses/by/4.0/legalcode
Caracara plancus,Animalia,Falconidae,Caracara,-24.937526,-57.492027,2026,HUMAN_OBSERVATION,https://www.inaturalist.org/observations/333360914,http://creativecommons.org/licenses/by-nc/4.0/legalcode
Sicalis flaveola,Animalia,Thraupidae,Sicalis,-25.3286,-57.5446,2026,HUMAN_OBSERVATION,https://www.inaturalist.org/observations/333139574,http://creativecommons.org/licenses/by/4.0/legalcode
Polioptila dumicola,Animalia,Polioptilidae,Polioptila,-25.304973,-57.527825,2026,HUMAN_OBSERVATION,https://www.inaturalist.org/observations/333177099,http://creativecommons.org/licenses/by-nc/4.0/legalcode
Sapindus saponaria,Plantae,Sapindaceae,Sapindus,-25.299937,-57.596045,2026,HUMAN_OBSERVATION,https://www.inaturalist.org/observations/333050068,http://creativecommons.org/licenses/by-nc/4.0/legalcode
Ictinia mississippiensis,Animalia,Accipitridae,Ictinia,-25.611671,-56.883432,2026,HUMAN_OBSERVATION,https://www.inaturalist.org/observations/333578104,http://creativecommons.org/licenses/by-nc/4.0/legalcode
Furnarius rufus,Animalia,Furnariidae,Furnarius,-25.328,-57.544,2026,HUMAN_OBSERVATION,https://www.inaturalist.org/observations/333139521,http://creativecommons.org/licenses/by/4.0/legalcode
Nesticodes rufipes,Animalia,Theridiidae,Nesticodes,-27.051026,-55.566106,2026,HUMAN_OBSERVATION,https://www.inaturalist.org/observations/333301681,http://creativecommons.org/licenses/by-nc/4.0/legalcode
Guira guira,Animalia,Cuculidae,Guira,-24.903118,-57.502042,2026,HUMAN_OBSERVATION,https://www.inaturalist.org/observations/333361167,http://creativecommons.org/licenses/by-nc/4.0/legalcode
Brotogeris chiriri,Animalia,Psittacidae,Brotogeris,-25.60758,-56.870762,2026,HUMAN_OBSERVATION,https://www.inaturalist.org/observations/333284817,http://creativecommons.org/licenses/by-nc/4.0/legalcode
Myiopsitta monachus,Animalia,Psittacidae,Myiopsitta,-25.3324,-57.528,2026,HUMAN_OBSERVATION,https://www.inaturalist.org/observations/333572293,http://creativecommons.org/licenses/by/4.0/legalcode
Phoneutria nigriventer,Animalia,Ctenidae,Phoneutria,-25.461742,-56.879222,2026,HUMAN_OBSERVATION,https://www.inaturalist.org/observations/333169956,http://creativecommons.org/licenses/by-nc/4.0/legalcode
Myiopsitta monachus,Animalia,Psittacidae,Myiopsitta,-25.3279,-57.5441,2026,HUMAN_OBSERVATION,https://www.inaturalist.org/observations/333139562,http://creativecommons.org/licenses/by/4.0/legalcode
Leptotila verreauxi,Animalia,Columbidae,Leptotila,-25.3323,-57.5287,2026,HUMAN_OBSERVATION,https://www.inaturalist.org/observations/333322417,http://creativecommons.org/licenses/by/4.0/legalcode
Commelina platyphylla,Plantae,Commelinaceae,Commelina,-25.260084,-57.576457,2026,HUMAN_OBSERVATION,https://www.inaturalist.org/observations/333430814,http://creativecommons.org/licenses/by-nc/4.0/legalcode
Ascalapha odorata,Animalia,Erebidae,Ascalapha,-25.384512,-57.546588,2026,HUMAN_OBSERVATION,https://www.inaturalist.org/observations/333572213,http://creativecommons.org/licenses/by-nc/4.0/legalcode
Sicalis flaveola,Animalia,Thraupidae,Sicalis,-25.3328,-57.5275,2026,HUMAN_OBSERVATION,https://www.inaturalist.org/observations/333572142,http://creativecommons.org/licenses/by/4.0/legalcode
Oecobius navus,Animalia,Oecobiidae,Oecobius,-25.3325,-57.5282,2026,HUMAN_OBSERVATION,https://www.inaturalist.org/observations/333222738,http://creativecommons.org/licenses/by/4.0/legalcode
Theristicus caerulescens,Animalia,Threskiornithidae,Theristicus,-24.898372,-57.484915,2026,HUMAN_OBSERVATION,https://www.inaturalist.org/observations/333361109,http://creativecommons.org/licenses/by-nc/4.0/legalcode
Hylocharis chrysura,Animalia,Trochilidae,Hylocharis,-25.392,-57.5603,2026,HUMAN_OBSERVATION,https://www.inaturalist.org/observations/333572412,http://creativecommons.org/licenses/by/4.0/legalcode
Vanellus chilensis,Animalia,Charadriidae,Vanellus,-24.915818,-57.527233,2026,HUMAN_OBSERVATION,https://www.inaturalist.org/observations/333360847,http://creativecommons.org/licenses/by-nc/4.0/legalcode
Supella longipalpa,Animalia,Ectobiidae,Supella,-25.3324,-57.5282,2026,HUMAN_OBSERVATION,https://www.inaturalist.org/observations/333142782,http://creativecommons.org/licenses/by/4.0/legalcode
Furnarius rufus,Animalia,Furnariidae,Furnarius,-25.523886,-54.611763,2026,HUMAN_OBSERVATION,https://www.inaturalist.org/observations/333530651,http://creativecommons.org/licenses/by/4.0/legalcode
Furnarius rufus,Animalia,Furnariidae,Furnarius,-25.333,-57.5275,2026,HUMAN_OBSERVATION,https://www.inaturalist.org/observations/333572153,http://creativecommons.org/licenses/by/4.0/legalcode
Tyrannus melancholicus,Animalia,Tyrannidae,Tyrannus,-25.3325,-57.5282,2026,HUMAN_OBSERVATION,https://www.inaturalist.org/observations/333317545,http://creativecommons.org/licenses/by/4.0/legalcode
Kukulcania hibernalis,Animalia,Filistatidae,Kukulcania,-25.461547,-56.018226,2026,HUMAN_OBSERVATION,https://www.inaturalist.org/observations/333390769,http://creativecommons.org/licenses/by-nc/4.0/legalcode
Myiopsitta monachus,Animalia,Psittacidae,Myiopsitta,-25.328,-57.544,2026,HUMAN_OBSERVATION,https://www.inaturalist.org/observations/333139546,http://creativecommons.org/licenses/by/4.0/legalcode
Sicalis flaveola,Animalia,Thraupidae,Sicalis,-25.3286,-57.5446,2026,HUMAN_OBSERVATION,https://www.inaturalist.org/observations/333139570,http://creativecommons.org/licenses/by/4.0/legalcode
Amphilophium paniculatum,Plantae,Bignoniaceae,Amphilophium,-25.349253,-57.534572,2026,HUMAN_OBSERVATION,https://www.inaturalist.org/observations/333500328,http://creativecommons.org/licenses/by-nc/4.0/legalcode
Cydianerus latruncularius,Animalia,Curculionidae,Cydianerus,-25.3395,-57.5157,2026,HUMAN_OBSERVATION,https://www.inaturalist.org/observations/333571922,http://creativecommons.org/licenses/by/4.0/legalcode
Myiopsitta monachus,Animalia,Psittacidae,Myiopsitta,-25.335,-57.5261,2026,HUMAN_OBSERVATION,https://www.inaturalist.org/observations/333572138,http://creativecommons.org/licenses/by/4.0/legalcode
Commelina erecta,Plantae,Commelinaceae,Commelina,-25.260084,-57.576457,2026,HUMAN_OBSERVATION,https://www.inaturalist.org/observations/333430851,http://creativecommons.org/licenses/by-nc/4.0/legalcode
Molothrus bonariensis,Animalia,Icteridae,Molothrus,-25.1718,-57.4808,2026,HUMAN_OBSERVATION,https://www.inaturalist.org/observations/333040687,http://creativecommons.org/licenses/by/4.0/legalcode
Diabrotica speciosa,Animalia,Chrysomelidae,Diabrotica,-27.325332,-55.85513,2026,HUMAN_OBSERVATION,https://www.inaturalist.org/observations/335087422,http://creativecommons.org/licenses/by-nc/4.0/legalcode
Paratrechina longicornis,Animalia,Formicidae,Paratrechina,-25.3354,-57.5261,2026,HUMAN_OBSERVATION,https://www.inaturalist.org/observations/333920979,http://creativecommons.org/licenses/by/4.0/legalcode
Chromacris speciosa,Animalia,Romaleidae,Chromacris,-25.310962,-57.601792,2026,HUMAN_OBSERVATION,https://www.inaturalist.org/observations/335194069,http://creativecommons.org/licenses/by-nc/4.0/legalcode
Thaumatophyllum tweedieanum,Plantae,Araceae,Thaumatophyllum,-25.304179,-57.384065,2026,HUMAN_OBSERVATION,https://www.inaturalist.org/observations/336018756,http://creativecommons.org/licenses/by-nc/4.0/legalcode
Furnarius rufus,Animalia,Furnariidae,Furnarius,-25.3401,-57.517,2026,HUMAN_OBSERVATION,https://www.inaturalist.org/observations/333880115,http://creativecommons.org/licenses/by/4.0/legalcode
Anartia jatrophae,Animalia,Nymphalidae,Anartia,-27.22163,-56.149923,2026,HUMAN_OBSERVATION,https://www.inaturalist.org/observations/333865377,http://creativecommons.org/licenses/by-nc/4.0/legalcode
Conocephalus longipes,Animalia,Tettigoniidae,Conocephalus,-25.3324,-57.5283,2026,HUMAN_OBSERVATION,https://www.inaturalist.org/observations/334467161,http://creativecommons.org/licenses/by/4.0/legalcode
Paroaria coronata,Animalia,Thraupidae,Paroaria,-25.3383,-57.5258,2026,HUMAN_OBSERVATION,https://www.inaturalist.org/observations/335628048,http://creativecommons.org/licenses/by/4.0/legalcode
Anartia jatrophae,Animalia,Nymphalidae,Anartia,-25.3337,-57.5252,2026,HUMAN_OBSERVATION,https://www.inaturalist.org/observations/334905656,http://creativecommons.org/licenses/by/4.0/legalcode
Justicia brasiliana,Plantae,Acanthaceae,Justicia,-26.219589,-56.011917,2026,HUMAN_OBSERVATION,https://www.inaturalist.org/observations/335541256,http://creativecommons.org/licenses/by-nc/4.0/legalcode
Solanum sisymbriifolium,Plantae,Solanaceae,Solanum,-25.241091,-57.501143,2026,HUMAN_OBSERVATION,https://www.inaturalist.org/observations/335602746,http://creativecommons.org/licenses/by-nc/4.0/legalcode
Epiphyllum phyllanthus,Plantae,Cactaceae,Epiphyllum,-25.304752,-57.377121,2026,HUMAN_OBSERVATION,https://www.inaturalist.org/observations/336025484,http://creativecommons.org/licenses/by-nc/4.0/legalcode
Anartia jatrophae,Animalia,Nymphalidae,Anartia,-25.3368,-57.5266,2026,HUMAN_OBSERVATION,https://www.inaturalist.org/observations/335849388,http://creativecommons.org/licenses/by/4.0/legalcode
Oxidus gracilis,Animalia,Paradoxosomatidae,Oxidus,-25.339952,-57.536525,2026,HUMAN_OBSERVATION,https://www.inaturalist.org/observations/333967419,http://creativecommons.org/licenses/by/4.0/legalcode
Papilio astyalus,Animalia,Papilionidae,Papilio,-25.243111,-57.015033,2026,HUMAN_OBSERVATION,https://www.inaturalist.org/observations/335962223,http://creativecommons.org/licenses/by-nc/4.0/legalcode
Anartia jatrophae,Animalia,Nymphalidae,Anartia,-27.054798,-55.7529,2026,HUMAN_OBSERVATION,https://www.inaturalist.org/observations/334434019,http://creativecommons.org/licenses/by-nc/4.0/legalcode
Paroaria coronata,Animalia,Thraupidae,Paroaria,-25.3311,-57.5274,2026,HUMAN_OBSERVATION,https://www.inaturalist.org/observations/335273800,http://creativecommons.org/licenses/by/4.0/legalcode
Guyalna bonaerensis,Animalia,Cicadidae,Guyalna,-25.404863,-57.584538,2026,HUMAN_OBSERVATION,https://www.inaturalist.org/observations/333233572,http://creativecommons.org/licenses/by-nc/4.0/legalcode
Diloboderus abderus,Animalia,Scarabaeidae,Diloboderus,-26.971138,-56.824592,2026,HUMAN_OBSERVATION,https://www.inaturalist.org/observations/333748450,http://creativecommons.org/licenses/by-nc/4.0/legalcode
Paroaria coronata,Animalia,Thraupidae,Paroaria,-25.3383,-57.523,2026,HUMAN_OBSERVATION,https://www.inaturalist.org/observations/335126606,http://creativecommons.org/licenses/by/4.0/legalcode
Amphisbaena mertensii,Animalia,Amphisbaenidae,Amphisbaena,-25.54196,-54.696842,2026,HUMAN_OBSERVATION,https://www.inaturalist.org/observations/335094023,http://creativecommons.org/licenses/by/4.0/legalcode
Begonia cucullata,Plantae,Begoniaceae,Begonia,-26.211442,-56.036028,2026,HUMAN_OBSERVATION,https://www.inaturalist.org/observations/335521210,http://creativecommons.org/licenses/by-nc/4.0/legalcode
Battus polydamas,Animalia,Papilionidae,Battus,-25.315258,-57.384155,2026,HUMAN_OBSERVATION,https://www.inaturalist.org/observations/336117199,http://creativecommons.org/licenses/by-nc/4.0/legalcode
Zoniopoda omnicolor,Animalia,Romaleidae,Zoniopoda,-25.607788,-56.870709,2026,HUMAN_OBSERVATION,https://www.inaturalist.org/observations/334514822,http://creativecommons.org/licenses/by-nc/4.0/legalcode
Alternanthera hirtula,Plantae,Amaranthaceae,Alternanthera,-25.27137,-57.553828,2026,HUMAN_OBSERVATION,https://www.inaturalist.org/observations/335261383,http://creativecommons.org/licenses/by-nc/4.0/legalcode
Canna indica,Plantae,Cannaceae,Canna,-25.613111,-57.139872,2026,HUMAN_OBSERVATION,https://www.inaturalist.org/observations/334241274,http://creativecommons.org/licenses/by-nc/4.0/legalcode
Sidastrum paniculatum,Plantae,Malvaceae,Sidastrum,-25.54468,-56.973,2026,HUMAN_OBSERVATION,https://www.inaturalist.org/observations/334113955,http://creativecommons.org/licenses/by-nc/4.0/legalcode
Rupornis magnirostris,Animalia,Accipitridae,Rupornis,-25.245361,-57.425439,2026,HUMAN_OBSERVATION,https://www.inaturalist.org/observations/335351133,http://creativecommons.org/licenses/by-nc/4.0/legalcode
Commelina platyphylla,Plantae,Commelinaceae,Commelina,-25.405368,-57.585197,2026,HUMAN_OBSERVATION,https://www.inaturalist.org/observations/333847203,http://creativecommons.org/licenses/by-nc/4.0/legalcode
Guira guira,Animalia,Cuculidae,Guira,-25.463016,-56.063763,2026,HUMAN_OBSERVATION,https://www.inaturalist.org/observations/334440586,http://creativecommons.org/licenses/by-nc/4.0/legalcode
Sicalis flaveola,Animalia,Thraupidae,Sicalis,-25.3327,-57.5275,2026,HUMAN_OBSERVATION,https://www.inaturalist.org/observations/333766567,http://creativecommons.org/licenses/by/4.0/legalcode
Melanerpes candidus,Animalia,Picidae,Melanerpes,-27.068289,-55.532943,2026,HUMAN_OBSERVATION,https://www.inaturalist.org/observations/334108760,http://creativecommons.org/licenses/by-nc/4.0/legalcode
Rhinella diptycha,Animalia,Bufonidae,Rhinella,-25.3398,-57.5216,2026,HUMAN_OBSERVATION,https://www.inaturalist.org/observations/336086740,http://creativecommons.org/licenses/by/4.0/legalcode
Polybia sericea,Animalia,Eumenidae,Polybia,-25.3546,-57.5099,2026,HUMAN_OBSERVATION,https://www.inaturalist.org/observations/334717173,http://creativecommons.org/licenses/by/4.0/legalcode
Sicalis flaveola,Animalia,Thraupidae,Sicalis,-25.3323,-57.5273,2026,HUMAN_OBSERVATION,https://www.inaturalist.org/observations/333766310,http://creativecommons.org/licenses/by/4.0/legalcode
Saltator coerulescens,Animalia,Thraupidae,Saltator,-25.3324,-57.5282,2026,HUMAN_OBSERVATION,https://www.inaturalist.org/observations/334514624,http://creativecommons.org/licenses/by/4.0/legalcode
Salvator merianae,Animalia,Teiidae,Salvator,-25.559797,-54.630858,2026,HUMAN_OBSERVATION,https://www.inaturalist.org/observations/333739741,http://creativecommons.org/licenses/by-nc/4.0/legalcode
Sicalis flaveola,Animalia,Thraupidae,Sicalis,-25.3346,-57.5206,2026,HUMAN_OBSERVATION,https://www.inaturalist.org/observations/333749083,http://creativecommons.org/licenses/by/4.0/legalcode
Latrodectus corallinus,Animalia,Theridiidae,Latrodectus,-25.362997,-57.368192,2026,HUMAN_OBSERVATION,https://www.inaturalist.org/observations/335805047,http://creativecommons.org/licenses/by-nc/4.0/legalcode
Prepona demophon,Animalia,Nymphalidae,Prepona,-25.384883,-57.543153,2026,HUMAN_OBSERVATION,https://www.inaturalist.org/observations/334404855,http://creativecommons.org/licenses/by-nc/4.0/legalcode
Mycteria americana,Animalia,Ciconiidae,Mycteria,-27.049273,-58.418318,2026,HUMAN_OBSERVATION,https://www.inaturalist.org/observations/334394212,http://creativecommons.org/licenses/by-nc/4.0/legalcode
Diaethria clymena,Animalia,Nymphalidae,Diaethria,-27.190414,-55.797987,2026,HUMAN_OBSERVATION,https://www.inaturalist.org/observations/336099504,http://creativecommons.org/licenses/by-nc/4.0/legalcode
Sosxetra grata,Animalia,Erebidae,Sosxetra,-27.051026,-55.566106,2026,HUMAN_OBSERVATION,https://www.inaturalist.org/observations/335532969,http://creativecommons.org/licenses/by-nc/4.0/legalcode
Paroaria coronata,Animalia,Thraupidae,Paroaria,-25.338,-57.5279,2026,HUMAN_OBSERVATION,https://www.inaturalist.org/observations/336243304,http://creativecommons.org/licenses/by/4.0/legalcode
Erinnyis crameri,Animalia,Sphingidae,Erinnyis,-27.383065,-56.842994,2026,HUMAN_OBSERVATION,https://www.inaturalist.org/observations/334218092,http://creativecommons.org/licenses/by-nc/4.0/legalcode
Myiodynastes maculatus,Animalia,Tyrannidae,Myiodynastes,-25.463016,-56.063763,2026,HUMAN_OBSERVATION,https://www.inaturalist.org/observations/334434035,http://creativecommons.org/licenses/by-nc/4.0/legalcode
Leptotila verreauxi,Animalia,Columbidae,Leptotila,-25.3398,-57.517,2026,HUMAN_OBSERVATION,https://www.inaturalist.org/observations/334030186,http://creativecommons.org/licenses/by/4.0/legalcode
Commelina erecta,Plantae,Commelinaceae,Commelina,-26.851175,-58.289609,2026,HUMAN_OBSERVATION,https://www.inaturalist.org/observations/336117336,http://creativecommons.org/licenses/by-nc/4.0/legalcode
Lippia angustifolia,Plantae,Verbenaceae,Lippia,-26.204725,-56.054178,2026,HUMAN_OBSERVATION,https://www.inaturalist.org/observations/335507899,http://creativecommons.org/licenses/by-nc/4.0/legalcode
Vanellus chilensis,Animalia,Charadriidae,Vanellus,-25.463016,-56.063763,2026,HUMAN_OBSERVATION,https://www.inaturalist.org/observations/334433660,http://creativecommons.org/licenses/by-nc/4.0/legalcode
Gloora mundula,Animalia,Erebidae,Gloora,-27.389581,-55.958084,2026,HUMAN_OBSERVATION,https://www.inaturalist.org/observations/334305833,http://creativecommons.org/licenses/by/4.0/legalcode
Pteroglossus castanotis,Animalia,Ramphastidae,Pteroglossus,-25.546311,-56.954664,2026,HUMAN_OBSERVATION,https://www.inaturalist.org/observations/334037916,http://creativecommons.org/licenses/by-nc/4.0/legalcode
Erythrina crista-galli,Plantae,Fabaceae,Erythrina,-25.304778,-57.383339,2026,HUMAN_OBSERVATION,https://www.inaturalist.org/observations/336019347,http://creativecommons.org/licenses/by-nc/4.0/legalcode
Turdus rufiventris,Animalia,Turdidae,Turdus,-26.261731,-55.985656,2026,HUMAN_OBSERVATION,https://www.inaturalist.org/observations/335615647,http://creativecommons.org/licenses/by-nc/4.0/legalcode
Aramus guarauna,Animalia,Aramidae,Aramus,-27.049273,-58.418318,2026,HUMAN_OBSERVATION,https://www.inaturalist.org/observations/334394392,http://creativecommons.org/licenses/by-nc/4.0/legalcode
Notomabuya frenata,Animalia,Scincidae,Notomabuya,-25.869968,-56.643657,2026,HUMAN_OBSERVATION,https://www.inaturalist.org/observations/335940826,http://creativecommons.org/licenses/by-nc/4.0/legalcode
Brotogeris chiriri,Animalia,Psittacidae,Brotogeris,-25.3401,-57.517,2026,HUMAN_OBSERVATION,https://www.inaturalist.org/observations/333879875,http://creativecommons.org/licenses/by/4.0/legalcode
Molothrus rufoaxillaris,Animalia,Icteridae,Molothrus,-25.463016,-56.063763,2026,HUMAN_OBSERVATION,https://www.inaturalist.org/observations/334436600,http://creativecommons.org/licenses/by-nc/4.0/legalcode
Trichilia pallida,Plantae,Meliaceae,Trichilia,-25.913374,-56.912914,2026,HUMAN_OBSERVATION,https://www.inaturalist.org/observations/333787885,http://creativecommons.org/licenses/by/4.0/legalcode
Tetragonisca fiebrigi,Animalia,Apidae,Tetragonisca,-25.3388,-57.5242,2026,HUMAN_OBSERVATION,https://www.inaturalist.org/observations/333748596,http://creativecommons.org/licenses/by/4.0/legalcode
Eriopis connexa,Animalia,Coccinellidae,Eriopis,-25.29323,-57.321575,2026,HUMAN_OBSERVATION,https://www.inaturalist.org/observations/333685265,http://creativecommons.org/licenses/by-nc/4.0/legalcode
Hydropsalis torquata,Animalia,Caprimulgidae,Hydropsalis,-25.245447,-57.425486,2026,HUMAN_OBSERVATION,https://www.inaturalist.org/observations/335351152,http://creativecommons.org/licenses/by-nc/4.0/legalcode
Cirsium vulgare,Plantae,Asteraceae,Cirsium,-27.085097,-57.94833,2026,HUMAN_OBSERVATION,https://www.inaturalist.org/observations/334406428,http://creativecommons.org/licenses/by-nc/4.0/legalcode
Eupyrrhoglossum sagra,Animalia,Sphingidae,Eupyrrhoglossum,-25.60768,-56.87071,2026,HUMAN_OBSERVATION,https://www.inaturalist.org/observations/334485205,http://creativecommons.org/licenses/by-nc/4.0/legalcode
Alpaida carminea,Animalia,Araneidae,Alpaida,-25.607809,-56.870766,2026,HUMAN_OBSERVATION,https://www.inaturalist.org/observations/334659751,http://creativecommons.org/licenses/by-nc/4.0/legalcode
Nyctidromus albicollis,Animalia,Caprimulgidae,Nyctidromus,-25.243869,-57.425092,2026,HUMAN_OBSERVATION,https://www.inaturalist.org/observations/335351150,http://creativecommons.org/licenses/by-nc/4.0/legalcode
Hermetia illucens,Animalia,Stratiomyidae,Hermetia,-25.3339,-57.526,2026,HUMAN_OBSERVATION,https://www.inaturalist.org/observations/334011664,http://creativecommons.org/licenses/by/4.0/legalcode
Thaumatophyllum bipinnatifidum,Plantae,Araceae,Thaumatophyllum,-26.211067,-56.035766,2026,HUMAN_OBSERVATION,https://www.inaturalist.org/observations/335521215,http://creativecommons.org/licenses/by-nc/4.0/legalcode
Aramides ypecaha,Animalia,Rallidae,Aramides,-24.851555,-57.47471,2026,HUMAN_OBSERVATION,https://www.inaturalist.org/observations/333360984,http://creativecommons.org/licenses/by-nc/4.0/legalcode
Mallodon dasystomum,Animalia,Cerambycidae,Mallodon,-25.313597,-57.5197,2026,HUMAN_OBSERVATION,https://www.inaturalist.org/observations/333781890,http://creativecommons.org/licenses/by-nc/4.0/legalcode
Rhinella diptycha,Animalia,Bufonidae,Rhinella,-24.966607,-57.293905,2026,HUMAN_OBSERVATION,https://www.inaturalist.org/observations/334434477,http://creativecommons.org/licenses/by-nc/4.0/legalcode
Cephalotes pusillus,Animalia,Formicidae,Cephalotes,-25.3387,-57.5247,2026,HUMAN_OBSERVATION,https://www.inaturalist.org/observations/334905912,http://creativecommons.org/licenses/by/4.0/legalcode
Megalobulimus oblongus,Animalia,Strophocheilidae,Megalobulimus,-25.247,-57.540318,2026,HUMAN_OBSERVATION,https://www.inaturalist.org/observations/334664085,http://creativecommons.org/licenses/by-nc/4.0/legalcode
Columba livia,Animalia,Columbidae,Columba,-25.30416,-57.376234,2026,HUMAN_OBSERVATION,https://www.inaturalist.org/observations/336025464,http://creativecommons.org/licenses/by-nc/4.0/legalcode
Strix virgata,Animalia,Strigidae,Strix,-26.511004,-55.78523,2026,HUMAN_OBSERVATION,https://www.inaturalist.org/observations/336086371,http://creativecommons.org/licenses/by-nc/4.0/legalcode
Furnarius rufus,Animalia,Furnariidae,Furnarius,-25.3397,-57.524,2026,HUMAN_OBSERVATION,https://www.inaturalist.org/observations/335871296,http://creativecommons.org/licenses/by/4.0/legalcode
Paratrechina longicornis,Animalia,Formicidae,Paratrechina,-25.3354,-57.5261,2026,HUMAN_OBSERVATION,https://www.inaturalist.org/observations/333920868,http://creativecommons.org/licenses/by/4.0/legalcode
Handroanthus heptaphyllus,Plantae,Bignoniaceae,Handroanthus,-25.253872,-57.432425,2026,HUMAN_OBSERVATION,https://www.inaturalist.org/observations/335268615,http://creativecommons.org/licenses/by-nc/4.0/legalcode
Ardea alba,Animalia,Ardeidae,Ardea,-25.561289,-54.631455,2026,HUMAN_OBSERVATION,https://www.inaturalist.org/observations/333739878,http://creativecommons.org/licenses/by-nc/4.0/legalcode
Paratrechina longicornis,Animalia,Formicidae,Paratrechina,-25.3312,-57.529,2026,HUMAN_OBSERVATION,https://www.inaturalist.org/observations/334297798,http://creativecommons.org/licenses/by/4.0/legalcode
Justicia brasiliana,Plantae,Acanthaceae,Justicia,-26.204428,-56.054631,2026,HUMAN_OBSERVATION,https://www.inaturalist.org/observations/335510075,http://creativecommons.org/licenses/by-nc/4.0/legalcode
Erythrina crista-galli,Plantae,Fabaceae,Erythrina,-25.304023,-57.383915,2026,HUMAN_OBSERVATION,https://www.inaturalist.org/observations/336018903,http://creativecommons.org/licenses/by-nc/4.0/legalcode
Smeringopus pallidus,Animalia,Pholcidae,Smeringopus,-25.3283,-57.5303,2026,HUMAN_OBSERVATION,https://www.inaturalist.org/observations/334465985,http://creativecommons.org/licenses/by/4.0/legalcode
Sinningia aggregata,Plantae,Gesneriaceae,Sinningia,-25.282478,-57.088735,2026,HUMAN_OBSERVATION,https://www.inaturalist.org/observations/336275533,http://creativecommons.org/licenses/by-nc/4.0/legalcode
Pseudis platensis,Animalia,Hylidae,Pseudis,-24.967061,-57.29317,2026,HUMAN_OBSERVATION,https://www.inaturalist.org/observations/334227151,http://creativecommons.org/licenses/by-nc/4.0/legalcode
Syrigma sibilatrix,Animalia,Ardeidae,Syrigma,-26.199963,-56.035763,2026,HUMAN_OBSERVATION,https://www.inaturalist.org/observations/335522230,http://creativecommons.org/licenses/by-nc/4.0/legalcode
Furnarius rufus,Animalia,Furnariidae,Furnarius,-25.353,-57.5154,2026,HUMAN_OBSERVATION,https://www.inaturalist.org/observations/334667655,http://creativecommons.org/licenses/by/4.0/legalcode
Adiantopsis radiata,Plantae,Pteridaceae,Adiantopsis,-26.204392,-56.054436,2026,HUMAN_OBSERVATION,https://www.inaturalist.org/observations/335507935,http://creativecommons.org/licenses/by-nc/4.0/legalcode
Agelaioides badius,Animalia,Icteridae,Agelaioides,-25.3383,-57.523,2026,HUMAN_OBSERVATION,https://www.inaturalist.org/observations/335126598,http://creativecommons.org/licenses/by/4.0/legalcode
Scinax acuminatus,Animalia,Hylidae,Scinax,-24.967061,-57.29317,2026,HUMAN_OBSERVATION,https://www.inaturalist.org/observations/334227296,http://creativecommons.org/licenses/by-nc/4.0/legalcode
Adimantus ornatissimus,Animalia,Acrididae,Adimantus,-27.389406,-56.85747,2026,HUMAN_OBSERVATION,https://www.inaturalist.org/observations/334127229,http://creativecommons.org/licenses/by-nc/4.0/legalcode
Strix virgata,Animalia,Strigidae,Strix,-26.511512,-55.784182,2026,HUMAN_OBSERVATION,https://www.inaturalist.org/observations/336174971,http://creativecommons.org/licenses/by-nc/4.0/legalcode
Paroaria coronata,Animalia,Thraupidae,Paroaria,-25.3379,-57.5265,2026,HUMAN_OBSERVATION,https://www.inaturalist.org/observations/334082008,http://creativecommons.org/licenses/by/4.0/legalcode
Phthiacnemia picta,Animalia,Coreidae,Phthiacnemia,-25.54468,-56.973,2026,HUMAN_OBSERVATION,https://www.inaturalist.org/observations/334110277,http://creativecommons.org/licenses/by-nc/4.0/legalcode
Quesada gigas,Animalia,Cicadidae,Quesada,-25.3306,-57.5304,2026,HUMAN_OBSERVATION,https://www.inaturalist.org/observations/334467112,http://creativecommons.org/licenses/by/4.0/legalcode
Latrodectus geometricus,Animalia,Theridiidae,Latrodectus,-25.341,-57.5327,2026,HUMAN_OBSERVATION,https://www.inaturalist.org/observations/335813197,http://creativecommons.org/licenses/by/4.0/legalcode
Nicotiana glauca,Plantae,Solanaceae,Nicotiana,-25.278122,-57.503528,2026,HUMAN_OBSERVATION,https://www.inaturalist.org/observations/335705837,http://creativecommons.org/licenses/by-nc/4.0/legalcode
Amphisbaena camura,Animalia,Amphisbaenidae,Amphisbaena,-25.309128,-57.601605,2026,HUMAN_OBSERVATION,https://www.inaturalist.org/observations/336039253,http://creativecommons.org/licenses/by-nc/4.0/legalcode
Hypanartia lethe,Animalia,Nymphalidae,Hypanartia,-25.463016,-56.063763,2026,HUMAN_OBSERVATION,https://www.inaturalist.org/observations/334433827,http://creativecommons.org/licenses/by-nc/4.0/legalcode
Leptopogon amaurocephalus,Animalia,Tyrannidae,Leptopogon,-27.046094,-55.564564,2026,HUMAN_OBSERVATION,https://www.inaturalist.org/observations/334861768,http://creativecommons.org/licenses/by-nc/4.0/legalcode
Talinum fruticosum,Plantae,Talinaceae,Talinum,-25.30823,-57.601163,2026,HUMAN_OBSERVATION,https://www.inaturalist.org/observations/335194044,http://creativecommons.org/licenses/by-nc/4.0/legalcode
Philodryas aestiva,Animalia,Colubridae,Philodryas,-25.483204,-56.859107,2026,HUMAN_OBSERVATION,https://www.inaturalist.org/observations/335940505,http://creativecommons.org/licenses/by-nc/4.0/legalcode
Paroaria coronata,Animalia,Thraupidae,Paroaria,-25.3401,-57.5234,2026,HUMAN_OBSERVATION,https://www.inaturalist.org/observations/335631070,http://creativecommons.org/licenses/by/4.0/legalcode
Veniliornis spilogaster,Animalia,Picidae,Veniliornis,-27.051026,-55.566106,2026,HUMAN_OBSERVATION,https://www.inaturalist.org/observations/335114866,http://creativecommons.org/licenses/by-nc/4.0/legalcode
Paroaria coronata,Animalia,Thraupidae,Paroaria,-25.3383,-57.5258,2026,HUMAN_OBSERVATION,https://www.inaturalist.org/observations/335626888,http://creativecommons.org/licenses/by/4.0/legalcode
Dorcacerus barbatus,Animalia,Cerambycidae,Dorcacerus,-25.463016,-56.063763,2026,HUMAN_OBSERVATION,https://www.inaturalist.org/observations/334435585,http://creativecommons.org/licenses/by-nc/4.0/legalcode
Dryas iulia,Animalia,Nymphalidae,Dryas,-25.3337,-57.5266,2026,HUMAN_OBSERVATION,https://www.inaturalist.org/observations/335070448,http://creativecommons.org/licenses/by/4.0/legalcode
Aceria aloinis,Animalia,Eriophyidae,Aceria,-27.347015,-55.807814,2026,HUMAN_OBSERVATION,https://www.inaturalist.org/observations/334133320,http://creativecommons.org/licenses/by/4.0/legalcode
Dolichoderus bispinosus,Animalia,Formicidae,Dolichoderus,-25.3396,-57.521,2026,HUMAN_OBSERVATION,https://www.inaturalist.org/observations/335273791,http://creativecommons.org/licenses/by/4.0/legalcode
Rhinella diptycha,Animalia,Bufonidae,Rhinella,-25.890009,-56.840418,2026,HUMAN_OBSERVATION,https://www.inaturalist.org/observations/333798154,http://creativecommons.org/licenses/by/4.0/legalcode
Myiopsitta monachus,Animalia,Psittacidae,Myiopsitta,-25.333841,-57.517716,2026,HUMAN_OBSERVATION,https://www.inaturalist.org/observations/335148312,http://creativecommons.org/licenses/by-nc/4.0/legalcode
Pitangus sulphuratus,Animalia,Tyrannidae,Pitangus,-25.249989,-57.57405,2026,HUMAN_OBSERVATION,https://www.inaturalist.org/observations/335730206,http://creativecommons.org/licenses/by-nc/4.0/legalcode
Handroanthus heptaphyllus,Plantae,Bignoniaceae,Handroanthus,-25.253953,-57.432494,2026,HUMAN_OBSERVATION,https://www.inaturalist.org/observations/335268614,http://creativecommons.org/licenses/by-nc/4.0/legalcode
Commelina platyphylla,Plantae,Commelinaceae,Commelina,-27.22163,-56.149923,2026,HUMAN_OBSERVATION,https://www.inaturalist.org/observations/333865745,http://creativecommons.org/licenses/by-nc/4.0/legalcode
,Animalia,Falconidae,Daptrius,-25.269802,-57.127196,2026,HUMAN_OBSERVATION,https://www.inaturalist.org/observations/334447503,http://creativecommons.org/licenses/by-nc/4.0/legalcode
Trichilia pallida,Plantae,Meliaceae,Trichilia,-25.405261,-57.584908,2026,HUMAN_OBSERVATION,https://www.inaturalist.org/observations/333384068,http://creativecommons.org/licenses/by-nc/4.0/legalcode
Erythrina crista-galli,Plantae,Fabaceae,Erythrina,-25.300929,-57.37379,2026,HUMAN_OBSERVATION,https://www.inaturalist.org/observations/336024849,http://creativecommons.org/licenses/by-nc/4.0/legalcode
Cistothorus platensis,Animalia,Troglodytidae,Cistothorus,-26.494328,-55.774856,2026,HUMAN_OBSERVATION,https://www.inaturalist.org/observations/336088619,http://creativecommons.org/licenses/by-nc/4.0/legalcode
Lippia angustifolia,Plantae,Verbenaceae,Lippia,-26.203973,-56.051907,2026,HUMAN_OBSERVATION,https://www.inaturalist.org/observations/335518214,http://creativecommons.org/licenses/by-nc/4.0/legalcode
Pontederia azurea,Plantae,Pontederiaceae,Pontederia,-27.22163,-56.149923,2026,HUMAN_OBSERVATION,https://www.inaturalist.org/observations/333869702,http://creativecommons.org/licenses/by-nc/4.0/legalcode
Corythalia conferta,Animalia,Salticidae,Corythalia,-25.3344,-57.5261,2026,HUMAN_OBSERVATION,https://www.inaturalist.org/observations/334906635,http://creativecommons.org/licenses/by/4.0/legalcode
Bothrops diporus,Animalia,Viperidae,Bothrops,-25.742434,-56.793631,2026,HUMAN_OBSERVATION,https://www.inaturalist.org/observations/335939561,http://creativecommons.org/licenses/by-nc/4.0/legalcode
Biblis hyperia,Animalia,Sesiidae,Sesia,-25.270479,-57.12688,2026,HUMAN_OBSERVATION,https://www.inaturalist.org/observations/335598958,http://creativecommons.org/licenses/by-nc/4.0/legalcode
Saltator coerulescens,Animalia,Thraupidae,Saltator,-25.3369,-57.5263,2026,HUMAN_OBSERVATION,https://www.inaturalist.org/observations/334717160,http://creativecommons.org/licenses/by/4.0/legalcode
Erythrina crista-galli,Plantae,Fabaceae,Erythrina,-25.30674,-57.38207,2026,HUMAN_OBSERVATION,https://www.inaturalist.org/observations/336021267,http://creativecommons.org/licenses/by-nc/4.0/legalcode
Gnorimopsar chopi,Animalia,Icteridae,Gnorimopsar,-27.091579,-55.49369,2026,HUMAN_OBSERVATION,https://www.inaturalist.org/observations/334109297,http://creativecommons.org/licenses/by-nc/4.0/legalcode
Dolichoderus bispinosus,Animalia,Formicidae,Dolichoderus,-25.3397,-57.5167,2026,HUMAN_OBSERVATION,https://www.inaturalist.org/observations/334030777,http://creativecommons.org/licenses/by/4.0/legalcode
Guira guira,Animalia,Cuculidae,Guira,-26.249409,-55.975384,2026,HUMAN_OBSERVATION,https://www.inaturalist.org/observations/335549242,http://creativecommons.org/licenses/by-nc/4.0/legalcode
Menemerus bivittatus,Animalia,Salticidae,Menemerus,-25.33498,-57.543554,2026,HUMAN_OBSERVATION,https://www.inaturalist.org/observations/335437832,http://creativecommons.org/licenses/by-nc/4.0/legalcode
Justicia brasiliana,Plantae,Acanthaceae,Justicia,-25.270479,-57.12688,2026,HUMAN_OBSERVATION,https://www.inaturalist.org/observations/333782521,http://creativecommons.org/licenses/by-nc/4.0/legalcode
Hasarius adansoni,Animalia,Salticidae,Hasarius,-25.3325,-57.5282,2026,HUMAN_OBSERVATION,https://www.inaturalist.org/observations/333882433,http://creativecommons.org/licenses/by/4.0/legalcode
Portulaca umbraticola,Plantae,Portulacaceae,Portulaca,-25.298928,-57.589437,2026,HUMAN_OBSERVATION,https://www.inaturalist.org/observations/335220723,http://creativecommons.org/licenses/by-nc/4.0/legalcode
Latrodectus geometricus,Animalia,Theridiidae,Latrodectus,-25.3324,-57.5281,2026,HUMAN_OBSERVATION,https://www.inaturalist.org/observations/335022628,http://creativecommons.org/licenses/by/4.0/legalcode
Furnarius rufus,Animalia,Furnariidae,Furnarius,-25.3311,-57.5274,2026,HUMAN_OBSERVATION,https://www.inaturalist.org/observations/335273820,http://creativecommons.org/licenses/by/4.0/legalcode
Hasarius adansoni,Animalia,Salticidae,Hasarius,-25.3283,-57.5302,2026,HUMAN_OBSERVATION,https://www.inaturalist.org/observations/334294874,http://creativecommons.org/licenses/by/4.0/legalcode
Justicia brasiliana,Plantae,Acanthaceae,Justicia,-26.204492,-56.054442,2026,HUMAN_OBSERVATION,https://www.inaturalist.org/observations/335507947,http://creativecommons.org/licenses/by-nc/4.0/legalcode
Commelina platyphylla,Plantae,Commelinaceae,Commelina,-26.204519,-56.054039,2026,HUMAN_OBSERVATION,https://www.inaturalist.org/observations/335514659,http://creativecommons.org/licenses/by-nc/4.0/legalcode
Cephalotes pusillus,Animalia,Formicidae,Cephalotes,-25.3324,-57.5284,2026,HUMAN_OBSERVATION,https://www.inaturalist.org/observations/335274311,http://creativecommons.org/licenses/by/4.0/legalcode
Carales maculicollis,Animalia,Erebidae,Carales,-26.511635,-55.788625,2026,HUMAN_OBSERVATION,https://www.inaturalist.org/observations/336163313,http://creativecommons.org/licenses/by-nc/4.0/legalcode
Paroaria coronata,Animalia,Thraupidae,Paroaria,-25.3383,-57.523,2026,HUMAN_OBSERVATION,https://www.inaturalist.org/observations/335126642,http://creativecommons.org/licenses/by/4.0/legalcode
Columbina picui,Animalia,Columbidae,Columbina,-25.3324,-57.5276,2026,HUMAN_OBSERVATION,https://www.inaturalist.org/observations/335018875,http://creativecommons.org/licenses/by/4.0/legalcode
Scinax nasicus,Animalia,Hylidae,Scinax,-26.851238,-58.289613,2026,HUMAN_OBSERVATION,https://www.inaturalist.org/observations/334026376,http://creativecommons.org/licenses/by-nc/4.0/legalcode
Troglodytes musculus,Animalia,Troglodytidae,Troglodytes,-25.3538,-57.5114,2026,HUMAN_OBSERVATION,https://www.inaturalist.org/observations/334667687,http://creativecommons.org/licenses/by/4.0/legalcode
Pseudogynoxys cumingii,Plantae,Asteraceae,Pseudogynoxys,-25.304622,-57.383853,2026,HUMAN_OBSERVATION,https://www.inaturalist.org/observations/336019137,http://creativecommons.org/licenses/by-nc/4.0/legalcode
Commelina platyphylla,Plantae,Commelinaceae,Commelina,-26.205247,-56.052903,2026,HUMAN_OBSERVATION,https://www.inaturalist.org/observations/335516936,http://creativecommons.org/licenses/by-nc/4.0/legalcode
Euphonia violacea,Animalia,Fringillidae,Euphonia,-27.051026,-55.566106,2026,HUMAN_OBSERVATION,https://www.inaturalist.org/observations/334592094,http://creativecommons.org/licenses/by-nc/4.0/legalcode
Anartia jatrophae,Animalia,Nymphalidae,Anartia,-25.3379,-57.5227,2026,HUMAN_OBSERVATION,https://www.inaturalist.org/observations/334745979,http://creativecommons.org/licenses/by/4.0/legalcode
Buteogallus meridionalis,Animalia,Accipitridae,Buteogallus,-27.003947,-58.360043,2026,HUMAN_OBSERVATION,https://www.inaturalist.org/observations/334393535,http://creativecommons.org/licenses/by-nc/4.0/legalcode
Combretum indicum,Plantae,Combretaceae,Combretum,-25.30554,-57.593762,2026,HUMAN_OBSERVATION,https://www.inaturalist.org/observations/333847417,http://creativecommons.org/licenses/by-nc/4.0/legalcode
Furnarius rufus,Animalia,Furnariidae,Furnarius,-25.3401,-57.5234,2026,HUMAN_OBSERVATION,https://www.inaturalist.org/observations/335627259,http://creativecommons.org/licenses/by/4.0/legalcode
Megascops choliba,Animalia,Strigidae,Megascops,-26.630168,-55.655925,2026,HUMAN_OBSERVATION,https://www.inaturalist.org/observations/335830625,http://creativecommons.org/licenses/by-nc/4.0/legalcode
Eucereon sylvius,Animalia,Erebidae,Eucereon,-27.240098,-55.936174,2026,HUMAN_OBSERVATION,https://www.inaturalist.org/observations/334502067,http://creativecommons.org/licenses/by/4.0/legalcode
Agelaioides badius,Animalia,Icteridae,Agelaioides,-25.3374,-57.5267,2026,HUMAN_OBSERVATION,https://www.inaturalist.org/observations/335018865,http://creativecommons.org/licenses/by/4.0/legalcode
Alternanthera hirtula,Plantae,Amaranthaceae,Alternanthera,-25.254325,-57.549498,2026,HUMAN_OBSERVATION,https://www.inaturalist.org/observations/335261379,http://creativecommons.org/licenses/by-nc/4.0/legalcode
Fidicina toulgoeti,Animalia,Cicadidae,Fidicina,-25.3383,-57.5258,2026,HUMAN_OBSERVATION,https://www.inaturalist.org/observations/335626905,http://creativecommons.org/licenses/by/4.0/legalcode
Rhinella diptycha,Animalia,Bufonidae,Rhinella,-24.556181,-56.731001,2026,HUMAN_OBSERVATION,https://www.inaturalist.org/observations/335655991,http://creativecommons.org/licenses/by/4.0/legalcode
Copernicia alba,Plantae,Arecaceae,Copernicia,-27.085786,-57.946862,2026,HUMAN_OBSERVATION,https://www.inaturalist.org/observations/334608954,http://creativecommons.org/licenses/by-nc/4.0/legalcode
Apostolepis dimidiata,Animalia,Colubridae,Apostolepis,-25.726886,-56.866882,2026,HUMAN_OBSERVATION,https://www.inaturalist.org/observations/335941727,http://creativecommons.org/licenses/by-nc/4.0/legalcode
Rupornis magnirostris,Animalia,Accipitridae,Rupornis,-25.378059,-57.524823,2026,HUMAN_OBSERVATION,https://www.inaturalist.org/observations/334367292,http://creativecommons.org/licenses/by-nc/4.0/legalcode
Battus polydamas,Animalia,Papilionidae,Battus,-25.310396,-57.520867,2026,HUMAN_OBSERVATION,https://www.inaturalist.org/observations/334273392,http://creativecommons.org/licenses/by-nc/4.0/legalcode
Rostrhamus sociabilis,Animalia,Accipitridae,Rostrhamus,-27.22163,-56.149923,2026,HUMAN_OBSERVATION,https://www.inaturalist.org/observations/333864718,http://creativecommons.org/licenses/by-nc/4.0/legalcode
Prionolopha serrata,Animalia,Romaleidae,Prionolopha,-26.205364,-56.052725,2026,HUMAN_OBSERVATION,https://www.inaturalist.org/observations/335516963,http://creativecommons.org/licenses/by-nc/4.0/legalcode
Thraupis sayaca,Animalia,Thraupidae,Thraupis,-25.3548,-57.5091,2026,HUMAN_OBSERVATION,https://www.inaturalist.org/observations/334717213,http://creativecommons.org/licenses/by/4.0/legalcode
Justicia brasiliana,Plantae,Acanthaceae,Justicia,-26.204458,-56.054547,2026,HUMAN_OBSERVATION,https://www.inaturalist.org/observations/335510068,http://creativecommons.org/licenses/by-nc/4.0/legalcode
Baryphthengus ruficapillus,Animalia,Momotidae,Baryphthengus,-26.262561,-55.986558,2026,HUMAN_OBSERVATION,https://www.inaturalist.org/observations/335616582,http://creativecommons.org/licenses/by-nc/4.0/legalcode
Pitangus sulphuratus,Animalia,Tyrannidae,Pitangus,-26.205269,-56.054338,2026,HUMAN_OBSERVATION,https://www.inaturalist.org/observations/335549666,http://creativecommons.org/licenses/by-nc/4.0/legalcode
Trichocentrum pumilum,Plantae,Orchidaceae,Trichocentrum,-26.205306,-56.052661,2026,HUMAN_OBSERVATION,https://www.inaturalist.org/observations/335516957,http://creativecommons.org/licenses/by-nc/4.0/legalcode
Chiroxiphia caudata,Animalia,Pipridae,Chiroxiphia,-26.2627,-55.986431,2026,HUMAN_OBSERVATION,https://www.inaturalist.org/observations/335615739,http://creativecommons.org/licenses/by-nc/4.0/legalcode
Menemerus bivittatus,Animalia,Salticidae,Menemerus,-25.305025,-57.527914,2026,HUMAN_OBSERVATION,https://www.inaturalist.org/observations/336089798,http://creativecommons.org/licenses/by-nc/4.0/legalcode
Machetornis rixosa,Animalia,Tyrannidae,Machetornis,-25.053942,-57.0985,2026,HUMAN_OBSERVATION,https://www.inaturalist.org/observations/334302866,http://creativecommons.org/licenses/by-nc/4.0/legalcode
Amphisbaena camura,Animalia,Amphisbaenidae,Amphisbaena,-25.32447,-57.554808,2026,HUMAN_OBSERVATION,https://www.inaturalist.org/observations/335392596,http://creativecommons.org/licenses/by-nc/4.0/legalcode
,Animalia,Calliphoridae,Lucilia,-25.3325,-57.5282,2026,HUMAN_OBSERVATION,https://www.inaturalist.org/observations/334515923,http://creativecommons.org/licenses/by/4.0/legalcode
Stachytarpheta cayennensis,Plantae,Verbenaceae,Stachytarpheta,-27.206919,-56.150373,2026,HUMAN_OBSERVATION,https://www.inaturalist.org/observations/333492343,http://creativecommons.org/licenses/by-nc/4.0/legalcode
Tyrannus melancholicus,Animalia,Tyrannidae,Tyrannus,-25.3436,-57.533,2026,HUMAN_OBSERVATION,https://www.inaturalist.org/observations/336243259,http://creativecommons.org/licenses/by/4.0/legalcode
Asystasia gangetica,Plantae,Acanthaceae,Asystasia,-25.265995,-57.502972,2026,HUMAN_OBSERVATION,https://www.inaturalist.org/observations/336115191,http://creativecommons.org/licenses/by-nc/4.0/legalcode
Alternanthera hirtula,Plantae,Amaranthaceae,Alternanthera,-25.383669,-57.461815,2026,HUMAN_OBSERVATION,https://www.inaturalist.org/observations/335261377,http://creativecommons.org/licenses/by-nc/4.0/legalcode
Scinax nasicus,Animalia,Hylidae,Scinax,-26.851176,-58.28961,2026,HUMAN_OBSERVATION,https://www.inaturalist.org/observations/334668340,http://creativecommons.org/licenses/by-nc/4.0/legalcode
Papilio anchisiades,Animalia,Papilionidae,Papilio,-26.85117,-58.289508,2026,HUMAN_OBSERVATION,https://www.inaturalist.org/observations/334607901,http://creativecommons.org/licenses/by-nc/4.0/legalcode
Saltator coerulescens,Animalia,Thraupidae,Saltator,-25.355,-57.5074,2026,HUMAN_OBSERVATION,https://www.inaturalist.org/observations/334717251,http://creativecommons.org/licenses/by/4.0/legalcode
Thraupis sayaca,Animalia,Thraupidae,Thraupis,-25.3336,-57.5232,2026,HUMAN_OBSERVATION,https://www.inaturalist.org/observations/335126647,http://creativecommons.org/licenses/by/4.0/legalcode
Handroanthus heptaphyllus,Plantae,Bignoniaceae,Handroanthus,-25.254161,-57.432506,2026,HUMAN_OBSERVATION,https://www.inaturalist.org/observations/335268613,http://creativecommons.org/licenses/by-nc/4.0/legalcode
Rutela lineola,Animalia,Scarabaeidae,Rutela,-26.20473,-56.054256,2026,HUMAN_OBSERVATION,https://www.inaturalist.org/observations/335507885,http://creativecommons.org/licenses/by-nc/4.0/legalcode
Paroaria coronata,Animalia,Thraupidae,Paroaria,-25.3379,-57.5265,2026,HUMAN_OBSERVATION,https://www.inaturalist.org/observations/334082043,http://creativecommons.org/licenses/by/4.0/legalcode
Selenidera maculirostris,Animalia,Ramphastidae,Selenidera,-26.072691,-56.813381,2026,HUMAN_OBSERVATION,https://www.inaturalist.org/observations/335940675,http://creativecommons.org/licenses/by-nc/4.0/legalcode
Quesada gigas,Animalia,Cicadidae,Quesada,-25.34,-57.5203,2026,HUMAN_OBSERVATION,https://www.inaturalist.org/observations/333921110,http://creativecommons.org/licenses/by/4.0/legalcode
Urolepis hecatantha,Plantae,Asteraceae,Urolepis,-26.205636,-56.053069,2026,HUMAN_OBSERVATION,https://www.inaturalist.org/observations/335516950,http://creativecommons.org/licenses/by-nc/4.0/legalcode
Pitangus sulphuratus,Animalia,Tyrannidae,Pitangus,-25.3499,-57.519,2026,HUMAN_OBSERVATION,https://www.inaturalist.org/observations/334667601,http://creativecommons.org/licenses/by/4.0/legalcode
Justicia brasiliana,Plantae,Acanthaceae,Justicia,-26.219811,-56.014406,2026,HUMAN_OBSERVATION,https://www.inaturalist.org/observations/335524373,http://creativecommons.org/licenses/by-nc/4.0/legalcode
Xiphocolaptes major,Animalia,Furnariidae,Xiphocolaptes,-25.270479,-57.12688,2026,HUMAN_OBSERVATION,https://www.inaturalist.org/observations/336078817,http://creativecommons.org/licenses/by-nc/4.0/legalcode
Pachylia syces,Animalia,Sphingidae,Pachylia,-25.3312,-57.5308,2026,HUMAN_OBSERVATION,https://www.inaturalist.org/observations/334295287,http://creativecommons.org/licenses/by/4.0/legalcode
Hydropsalis torquata,Animalia,Caprimulgidae,Hydropsalis,-25.244792,-57.425483,2026,HUMAN_OBSERVATION,https://www.inaturalist.org/observations/335351151,http://creativecommons.org/licenses/by-nc/4.0/legalcode
Lantana montevidensis,Plantae,Verbenaceae,Lantana,-25.241091,-57.501143,2026,HUMAN_OBSERVATION,https://www.inaturalist.org/observations/335602413,http://creativecommons.org/licenses/by-nc/4.0/legalcode
Amazonetta brasiliensis,Animalia,Anatidae,Amazonetta,-26.215079,-56.025647,2026,HUMAN_OBSERVATION,https://www.inaturalist.org/observations/335507870,http://creativecommons.org/licenses/by-nc/4.0/legalcode
Camponotus renggeri,Animalia,Formicidae,Camponotus,-25.3412,-57.5329,2026,HUMAN_OBSERVATION,https://www.inaturalist.org/observations/335939602,http://creativecommons.org/licenses/by/4.0/legalcode
Sporophila collaris,Animalia,Thraupidae,Sporophila,-27.22163,-56.149923,2026,HUMAN_OBSERVATION,https://www.inaturalist.org/observations/333865060,http://creativecommons.org/licenses/by-nc/4.0/legalcode
Menemerus bivittatus,Animalia,Salticidae,Menemerus,-25.3355,-57.5261,2026,HUMAN_OBSERVATION,https://www.inaturalist.org/observations/334011589,http://creativecommons.org/licenses/by/4.0/legalcode
Bromelia balansae,Plantae,Bromeliaceae,Bromelia,-27.084667,-57.948862,2026,HUMAN_OBSERVATION,https://www.inaturalist.org/observations/334406255,http://creativecommons.org/licenses/by-nc/4.0/legalcode
,Animalia,Falconidae,Daptrius,-26.217044,-56.021222,2026,HUMAN_OBSERVATION,https://www.inaturalist.org/observations/335507867,http://creativecommons.org/licenses/by-nc/4.0/legalcode
Falco sparverius,Animalia,Falconidae,Falco,-26.996344,-58.338454,2026,HUMAN_OBSERVATION,https://www.inaturalist.org/observations/334395363,http://creativecommons.org/licenses/by-nc/4.0/legalcode
Philira micans,Animalia,Salticidae,Philira,-26.225276,-56.021869,2026,HUMAN_OBSERVATION,https://www.inaturalist.org/observations/335522872,http://creativecommons.org/licenses/by-nc/4.0/legalcode
Troglodytes musculus,Animalia,Troglodytidae,Troglodytes,-26.205003,-56.054336,2026,HUMAN_OBSERVATION,https://www.inaturalist.org/observations/335550709,http://creativecommons.org/licenses/by-nc/4.0/legalcode
Pitangus sulphuratus,Animalia,Tyrannidae,Pitangus,-26.249409,-55.975384,2026,HUMAN_OBSERVATION,https://www.inaturalist.org/observations/335549164,http://creativecommons.org/licenses/by-nc/4.0/legalcode
Erythrina crista-galli,Plantae,Fabaceae,Erythrina,-25.300378,-57.373639,2026,HUMAN_OBSERVATION,https://www.inaturalist.org/observations/336024766,http://creativecommons.org/licenses/by-nc/4.0/legalcode
Paroaria coronata,Animalia,Thraupidae,Paroaria,-25.3401,-57.5234,2026,HUMAN_OBSERVATION,https://www.inaturalist.org/observations/335631147,http://creativecommons.org/licenses/by/4.0/legalcode
Oecobius navus,Animalia,Oecobiidae,Oecobius,-25.337,-57.5259,2026,HUMAN_OBSERVATION,https://www.inaturalist.org/observations/333882305,http://creativecommons.org/licenses/by/4.0/legalcode
Diloboderus abderus,Animalia,Scarabaeidae,Diloboderus,-27.376703,-55.956417,2026,HUMAN_OBSERVATION,https://www.inaturalist.org/observations/334693725,http://creativecommons.org/licenses/by/4.0/legalcode
Piaya cayana,Animalia,Cuculidae,Piaya,-26.219538,-56.014694,2026,HUMAN_OBSERVATION,https://www.inaturalist.org/observations/335524363,http://creativecommons.org/licenses/by-nc/4.0/legalcode
Hydrangea macrophylla,Plantae,Hydrangeaceae,Hydrangea,-27.216146,-56.263748,2026,HUMAN_OBSERVATION,https://www.inaturalist.org/observations/335830187,http://creativecommons.org/licenses/by-nc/4.0/legalcode
Myiopsitta monachus,Animalia,Psittacidae,Myiopsitta,-25.3346,-57.5209,2026,HUMAN_OBSERVATION,https://www.inaturalist.org/observations/334746048,http://creativecommons.org/licenses/by/4.0/legalcode
Alternanthera hirtula,Plantae,Amaranthaceae,Alternanthera,-25.282314,-57.59581,2026,HUMAN_OBSERVATION,https://www.inaturalist.org/observations/335261381,http://creativecommons.org/licenses/by-nc/4.0/legalcode
Lygaeus alboornatus,Animalia,Lygaeidae,Lygaeus,-27.0851,-57.94832,2026,HUMAN_OBSERVATION,https://www.inaturalist.org/observations/334406381,http://creativecommons.org/licenses/by-nc/4.0/legalcode
Papilio thoas,Animalia,Papilionidae,Papilio,-27.056337,-55.752186,2026,HUMAN_OBSERVATION,https://www.inaturalist.org/observations/334433354,http://creativecommons.org/licenses/by-nc/4.0/legalcode
Eriopis connexa,Animalia,Coccinellidae,Eriopis,-25.3407,-57.5173,2026,HUMAN_OBSERVATION,https://www.inaturalist.org/observations/333879943,http://creativecommons.org/licenses/by/4.0/legalcode
Chromacris speciosa,Animalia,Romaleidae,Chromacris,-26.851228,-58.289663,2026,HUMAN_OBSERVATION,https://www.inaturalist.org/observations/333846344,http://creativecommons.org/licenses/by-nc/4.0/legalcode
Turdus rufiventris,Animalia,Turdidae,Turdus,-25.3409,-57.5173,2026,HUMAN_OBSERVATION,https://www.inaturalist.org/observations/333879924,http://creativecommons.org/licenses/by/4.0/legalcode
Danaus erippus,Animalia,Nymphalidae,Danaus,-27.371223,-57.487253,2026,HUMAN_OBSERVATION,https://www.inaturalist.org/observations/335478768,http://creativecommons.org/licenses/by-nc/4.0/legalcode
Phocides polybius,Animalia,Hesperiidae,Phocides,-27.055355,-55.753355,2026,HUMAN_OBSERVATION,https://www.inaturalist.org/observations/334433624,http://creativecommons.org/licenses/by-nc/4.0/legalcode
Molossus molossus,Animalia,Molossidae,Molossus,-25.30126,-57.605989,2026,HUMAN_OBSERVATION,https://www.inaturalist.org/observations/335836130,http://creativecommons.org/licenses/by-nc/4.0/legalcode
Argiope argentata,Animalia,Araneidae,Argiope,-25.26903,-57.586813,2026,HUMAN_OBSERVATION,https://www.inaturalist.org/observations/334346141,http://creativecommons.org/licenses/by-nc/4.0/legalcode
Methona themisto,Animalia,Nymphalidae,Methona,-26.205111,-56.054247,2026,HUMAN_OBSERVATION,https://www.inaturalist.org/observations/335507873,http://creativecommons.org/licenses/by-nc/4.0/legalcode
Colaptes campestris,Animalia,Picidae,Colaptes,-25.463016,-56.063763,2026,HUMAN_OBSERVATION,https://www.inaturalist.org/observations/334433000,http://creativecommons.org/licenses/by-nc/4.0/legalcode
Dolichoderus bispinosus,Animalia,Formicidae,Dolichoderus,-25.3399,-57.5165,2026,HUMAN_OBSERVATION,https://www.inaturalist.org/observations/334036002,http://creativecommons.org/licenses/by/4.0/legalcode
Combretum fruticosum,Plantae,Combretaceae,Combretum,-26.219631,-56.014706,2026,HUMAN_OBSERVATION,https://www.inaturalist.org/observations/335524361,http://creativecommons.org/licenses/by-nc/4.0/legalcode
Pachyramphus validus,Animalia,Cotingidae,Pachyramphus,-25.463016,-56.063763,2026,HUMAN_OBSERVATION,https://www.inaturalist.org/observations/334435996,http://creativecommons.org/licenses/by-nc/4.0/legalcode
Furnarius rufus,Animalia,Furnariidae,Furnarius,-26.205048,-56.054274,2026,HUMAN_OBSERVATION,https://www.inaturalist.org/observations/335549980,http://creativecommons.org/licenses/by-nc/4.0/legalcode
Leptotila verreauxi,Animalia,Columbidae,Leptotila,-25.3399,-57.5218,2026,HUMAN_OBSERVATION,https://www.inaturalist.org/observations/333879966,http://creativecommons.org/licenses/by/4.0/legalcode
Battus polydamas,Animalia,Papilionidae,Battus,-25.458636,-56.969465,2026,HUMAN_OBSERVATION,https://www.inaturalist.org/observations/334334729,http://creativecommons.org/licenses/by/4.0/legalcode
Quesada gigas,Animalia,Cicadidae,Quesada,-25.34,-57.5231,2026,HUMAN_OBSERVATION,https://www.inaturalist.org/observations/335735973,http://creativecommons.org/licenses/by/4.0/legalcode
Dilocarcinus pagei,Animalia,Trichodactylidae,Dilocarcinus,-24.880053,-56.888191,2026,HUMAN_OBSERVATION,https://www.inaturalist.org/observations/334301342,http://creativecommons.org/licenses/by-nc/4.0/legalcode
Ascalapha odorata,Animalia,Erebidae,Ascalapha,-25.607724,-56.870729,2026,HUMAN_OBSERVATION,https://www.inaturalist.org/observations/335106719,http://creativecommons.org/licenses/by-nc/4.0/legalcode
Strix hylophila,Animalia,Strigidae,Strix,-26.605892,-55.601339,2026,HUMAN_OBSERVATION,https://www.inaturalist.org/observations/335828039,http://creativecommons.org/licenses/by-nc/4.0/legalcode
,Animalia,Falconidae,Daptrius,-26.217011,-56.021752,2026,HUMAN_OBSERVATION,https://www.inaturalist.org/observations/335507868,http://creativecommons.org/licenses/by-nc/4.0/legalcode
Petiveria alliacea,Plantae,Phytolaccaceae,Petiveria,-25.300906,-57.376892,2026,HUMAN_OBSERVATION,https://www.inaturalist.org/observations/336024138,http://creativecommons.org/licenses/by-nc/4.0/legalcode
Myiodynastes maculatus,Animalia,Tyrannidae,Myiodynastes,-26.219296,-56.015556,2026,HUMAN_OBSERVATION,https://www.inaturalist.org/observations/335589323,http://creativecommons.org/licenses/by-nc/4.0/legalcode
Lysapsus limellum,Animalia,Hylidae,Lysapsus,-27.091219,-57.950103,2026,HUMAN_OBSERVATION,https://www.inaturalist.org/observations/334487136,http://creativecommons.org/licenses/by-nc/4.0/legalcode
Menemerus bivittatus,Animalia,Salticidae,Menemerus,-25.3354,-57.5324,2026,HUMAN_OBSERVATION,https://www.inaturalist.org/observations/335246890,http://creativecommons.org/licenses/by/4.0/legalcode
Latrodectus geometricus,Animalia,Theridiidae,Latrodectus,-25.3403,-57.5311,2026,HUMAN_OBSERVATION,https://www.inaturalist.org/observations/336086825,http://creativecommons.org/licenses/by/4.0/legalcode
Papilio thoas,Animalia,Papilionidae,Papilio,-25.47685,-57.447045,2026,HUMAN_OBSERVATION,https://www.inaturalist.org/observations/336224675,http://creativecommons.org/licenses/by-nc/4.0/legalcode
Prionolopha serrata,Animalia,Romaleidae,Prionolopha,-27.371223,-57.487253,2026,HUMAN_OBSERVATION,https://www.inaturalist.org/observations/335484568,http://creativecommons.org/licenses/by-nc/4.0/legalcode
Pitangus sulphuratus,Animalia,Tyrannidae,Pitangus,-26.216995,-56.021744,2026,HUMAN_OBSERVATION,https://www.inaturalist.org/observations/335507869,http://creativecommons.org/licenses/by-nc/4.0/legalcode
Strategus centaurus,Animalia,Scarabaeidae,Strategus,-27.41215,-56.955247,2026,HUMAN_OBSERVATION,https://www.inaturalist.org/observations/335888627,http://creativecommons.org/licenses/by-nc/4.0/legalcode
Athene cunicularia,Animalia,Strigidae,Athene,-25.463016,-56.063763,2026,HUMAN_OBSERVATION,https://www.inaturalist.org/observations/334433508,http://creativecommons.org/licenses/by-nc/4.0/legalcode
Sicalis flaveola,Animalia,Thraupidae,Sicalis,-25.313107,-57.519487,2026,HUMAN_OBSERVATION,https://www.inaturalist.org/observations/334270435,http://creativecommons.org/licenses/by-nc/4.0/legalcode
Hemidactylus mabouia,Animalia,Gekkonidae,Hemidactylus,-25.3324,-57.5284,2026,HUMAN_OBSERVATION,https://www.inaturalist.org/observations/334932433,http://creativecommons.org/licenses/by/4.0/legalcode
Furnarius rufus,Animalia,Furnariidae,Furnarius,-25.3379,-57.5321,2026,HUMAN_OBSERVATION,https://www.inaturalist.org/observations/336532899,http://creativecommons.org/licenses/by/4.0/legalcode
Strix hylophila,Animalia,Strigidae,Strix,-26.591306,-55.769031,2026,HUMAN_OBSERVATION,https://www.inaturalist.org/observations/336579475,http://creativecommons.org/licenses/by-nc/4.0/legalcode
Diabrotica speciosa,Animalia,Chrysomelidae,Diabrotica,-26.511652,-55.788652,2026,HUMAN_OBSERVATION,https://www.inaturalist.org/observations/336610257,http://creativecommons.org/licenses/by-nc/4.0/legalcode
Columba livia,Animalia,Columbidae,Columba,-25.287599,-57.565228,2026,HUMAN_OBSERVATION,https://www.inaturalist.org/observations/336385446,http://creativecommons.org/licenses/by-nc/4.0/legalcode
Quesada gigas,Animalia,Cicadidae,Quesada,-25.3356,-57.5261,2026,HUMAN_OBSERVATION,https://www.inaturalist.org/observations/336380521,http://creativecommons.org/licenses/by/4.0/legalcode
Sphiggurus spinosus,Animalia,Erethizontidae,Sphiggurus,-26.135499,-55.888202,2026,HUMAN_OBSERVATION,https://www.inaturalist.org/observations/336422532,http://creativecommons.org/licenses/by-nc/4.0/legalcode
Cyanoloxia brissonii,Animalia,Cardinalidae,Cyanoloxia,-26.882192,-58.239911,2026,HUMAN_OBSERVATION,https://www.inaturalist.org/observations/336865849,http://creativecommons.org/licenses/by-nc/4.0/legalcode
Picumnus cirratus,Animalia,Picidae,Picumnus,-26.882192,-58.239911,2026,HUMAN_OBSERVATION,https://www.inaturalist.org/observations/336601048,http://creativecommons.org/licenses/by-nc/4.0/legalcode
Brotogeris chiriri,Animalia,Psittacidae,Brotogeris,-25.3369,-57.5335,2026,HUMAN_OBSERVATION,https://www.inaturalist.org/observations/336533045,http://creativecommons.org/licenses/by/4.0/legalcode
Brotogeris chiriri,Animalia,Psittacidae,Brotogeris,-25.3401,-57.517,2026,HUMAN_OBSERVATION,https://www.inaturalist.org/observations/333879906,http://creativecommons.org/licenses/by/4.0/legalcode
Chordonota inermis,Animalia,Stratiomyidae,Chordonota,-25.3409,-57.5327,2026,HUMAN_OBSERVATION,https://www.inaturalist.org/observations/336889922,http://creativecommons.org/licenses/by/4.0/legalcode
Cerdocyon thous,Animalia,Canidae,Cerdocyon,-26.513133,-55.78558,2026,HUMAN_OBSERVATION,https://www.inaturalist.org/observations/336622921,http://creativecommons.org/licenses/by-nc/4.0/legalcode
Athene cunicularia,Animalia,Strigidae,Athene,-25.35469,-57.543143,2026,HUMAN_OBSERVATION,https://www.inaturalist.org/observations/336495342,http://creativecommons.org/licenses/by-nc/4.0/legalcode
Euphractus sexcinctus,Animalia,Dasypodidae,Euphractus,-25.219879,-54.697449,2026,HUMAN_OBSERVATION,https://www.inaturalist.org/observations/335347957,http://creativecommons.org/licenses/by-nc/4.0/legalcode
Harrisia martinii,Plantae,Cactaceae,Harrisia,-25.194188,-57.724018,2026,HUMAN_OBSERVATION,https://www.inaturalist.org/observations/336450222,http://creativecommons.org/licenses/by-nc/4.0/legalcode
Passer domesticus,Animalia,Passeridae,Passer,-25.3409,-57.5323,2026,HUMAN_OBSERVATION,https://www.inaturalist.org/observations/336340108,http://creativecommons.org/licenses/by/4.0/legalcode
Cyclocephala paraguayensis,Animalia,Scarabaeidae,Cyclocephala,-26.511638,-55.788629,2026,HUMAN_OBSERVATION,https://www.inaturalist.org/observations/336609228,http://creativecommons.org/licenses/by-nc/4.0/legalcode
Molothrus bonariensis,Animalia,Icteridae,Molothrus,-25.252069,-57.575862,2026,HUMAN_OBSERVATION,https://www.inaturalist.org/observations/336493792,http://creativecommons.org/licenses/by-nc/4.0/legalcode
Zoniopoda omnicolor,Animalia,Romaleidae,Zoniopoda,-26.045254,-57.038464,2026,HUMAN_OBSERVATION,https://www.inaturalist.org/observations/336860519,http://creativecommons.org/licenses/by-nc/4.0/legalcode
Latrodectus geometricus,Animalia,Theridiidae,Latrodectus,-25.3412,-57.5327,2026,HUMAN_OBSERVATION,https://www.inaturalist.org/observations/336380426,http://creativecommons.org/licenses/by/4.0/legalcode
Amazona aestiva,Animalia,Psittacidae,Amazona,-25.334438,-57.57797,2026,HUMAN_OBSERVATION,https://www.inaturalist.org/observations/336511619,http://creativecommons.org/licenses/by-nc/4.0/legalcode
,Animalia,Falconidae,Daptrius,-25.461574,-57.008216,2026,HUMAN_OBSERVATION,https://www.inaturalist.org/observations/336511317,http://creativecommons.org/licenses/by-nc/4.0/legalcode
Steatoda triangulosa,Animalia,Theridiidae,Steatoda,-25.3159,-57.5717,2026,HUMAN_OBSERVATION,https://www.inaturalist.org/observations/336773943,http://creativecommons.org/licenses/by/4.0/legalcode
