feature_id,lon,lat,elevation_m,slope_pct,rock_score,rock_type_guess,tree_cover_pct
R0000,-57.03708333331618,-25.615138888904486,187.0,0.4,1.0,Outcrop,0
R0001,-57.0268055555384,-25.615138888904486,179.0,0.9,1.0,Outcrop,0
R0002,-57.02652777776063,-25.615138888904486,184.0,0.8,1.0,Outcrop,0
R0003,-57.026249999982845,-25.615138888904486,190.0,0.7,1.0,Outcrop,0
R0004,-57.02597222220507,-25.615138888904486,193.0,0.6,1.0,Outcrop,0
R0005,-57.02569444442729,-25.615138888904486,193.0,0.7,1.0,Outcrop,0
R0006,-57.02541666664951,-25.615138888904486,191.0,0.2,1.0,Outcrop,0
R0007,-57.02513888887174,-25.615138888904486,192.0,0.2,1.0,Outcrop,0
R0008,-57.024861111093955,-25.615138888904486,193.0,0.4,1.0,Outcrop,0
R0009,-57.02458333331618,-25.615138888904486,194.0,0.3,1.0,Outcrop,0
R0010,-57.024305555538405,-25.615138888904486,197.0,0.4,1.0,Outcrop,0
R0011,-57.02402777776062,-25.615138888904486,199.0,0.3,1.0,Outcrop,0
R0012,-57.02374999998285,-25.615138888904486,203.0,0.5,1.0,Outcrop,0
R0013,-57.023472222205065,-25.615138888904486,205.0,0.6,1.0,Outcrop,0
R0014,-57.02319444442729,-25.615138888904486,209.0,0.4,1.0,Outcrop,0
R0015,-57.022916666649515,-25.615138888904486,209.0,0.2,1.0,Outcrop,0
R0016,-57.02263888887173,-25.615138888904486,211.0,0.4,1.0,Outcrop,0
R0017,-57.02236111109396,-25.615138888904486,215.0,0.6,1.0,Outcrop,0
R0018,-57.02208333331618,-25.615138888904486,219.0,0.4,1.0,Outcrop,0
R0019,-57.0218055555384,-25.615138888904486,220.0,0.2,1.0,Outcrop,0
R0020,-57.021527777760625,-25.615138888904486,222.0,0.5,1.0,Outcrop,0
R0021,-57.02124999998284,-25.615138888904486,228.0,1.0,1.0,Outcrop,0
R0022,-57.02097222220507,-25.615138888904486,233.0,1.1,1.0,Outcrop,0
R0023,-57.02069444442729,-25.615138888904486,234.0,0.8,1.0,Outcrop,0
R0024,-57.02041666664951,-25.615138888904486,231.0,0.3,1.0,Outcrop,0
R0025,-57.020138888871735,-25.615138888904486,234.0,0.7,1.0,Outcrop,0
R0026,-57.01986111109396,-25.615138888904486,242.0,0.9,1.0,Outcrop,0
R0027,-57.01958333331618,-25.615138888904486,245.0,0.8,1.0,Outcrop,0
R0028,-57.0193055555384,-25.615138888904486,247.0,1.0,1.0,Outcrop,0
R0029,-57.01902777776062,-25.615138888904486,253.0,1.1,1.0,Outcrop,0
R0030,-57.018749999982845,-25.615138888904486,255.0,0.7,1.0,Outcrop,0
R0031,-57.01847222220507,-25.615138888904486,258.0,0.5,1.0,Outcrop,0
R0032,-57.01819444442729,-25.615138888904486,257.0,0.4,1.0,Outcrop,0
R0033,-57.01791666664951,-25.615138888904486,261.0,0.4,1.0,Outcrop,0
R0034,-57.01763888887174,-25.615138888904486,262.0,0.2,1.0,Outcrop,0
R0035,-57.017361111093955,-25.615138888904486,264.0,0.5,1.0,Outcrop,0
R0036,-57.01708333331618,-25.615138888904486,270.0,0.9,1.0,Outcrop,0
R0037,-57.0168055555384,-25.615138888904486,274.0,0.6,1.0,Outcrop,0
R0038,-57.01652777776062,-25.615138888904486,276.0,0.7,1.0,Outcrop,0
R0039,-57.01624999998285,-25.615138888904486,283.0,0.7,1.0,Outcrop,0
R0040,-57.015972222205065,-25.615138888904486,288.0,0.4,1.0,Outcrop,0
R0041,-57.01569444442729,-25.615138888904486,290.0,0.5,1.0,Outcrop,0
R0042,-57.015416666649514,-25.615138888904486,297.0,0.6,1.0,Outcrop,0
R0043,-57.01513888887173,-25.615138888904486,299.0,0.2,1.0,Outcrop,0
R0044,-57.03708333331618,-25.615416666682265,188.0,0.4,1.0,Outcrop,0
R0045,-57.0368055555384,-25.615416666682265,194.0,0.5,1.0,Outcrop,0
R0046,-57.02652777776063,-25.615416666682265,179.0,0.9,1.0,Outcrop,0
R0047,-57.026249999982845,-25.615416666682265,185.0,0.8,1.0,Outcrop,0
R0048,-57.02597222220507,-25.615416666682265,188.0,0.5,1.0,Outcrop,0
R0049,-57.02569444442729,-25.615416666682265,187.0,0.5,1.0,Outcrop,0
R0050,-57.02541666664951,-25.615416666682265,189.0,0.2,1.0,Outcrop,0
R0051,-57.02513888887174,-25.615416666682265,190.0,0.2,1.0,Outcrop,0
R0052,-57.024861111093955,-25.615416666682265,190.0,0.2,1.0,Outcrop,0
R0053,-57.02458333331618,-25.615416666682265,192.0,0.3,1.0,Outcrop,0
R0054,-57.024305555538405,-25.615416666682265,194.0,0.5,1.0,Outcrop,0
R0055,-57.02402777776062,-25.615416666682265,199.0,0.4,1.0,Outcrop,0
R0056,-57.02374999998285,-25.615416666682265,200.0,0.4,1.0,Outcrop,0
R0057,-57.023472222205065,-25.615416666682265,201.0,0.5,1.0,Outcrop,0
R0058,-57.02319444442729,-25.615416666682265,206.0,0.6,1.0,Outcrop,0
R0059,-57.022916666649515,-25.615416666682265,208.0,0.3,1.0,Outcrop,0
R0060,-57.02263888887173,-25.615416666682265,209.0,0.4,1.0,Outcrop,0
R0061,-57.02236111109396,-25.615416666682265,212.0,0.5,1.0,Outcrop,0
R0062,-57.02208333331618,-25.615416666682265,216.0,0.5,1.0,Outcrop,0
R0063,-57.0218055555384,-25.615416666682265,219.0,0.4,1.0,Outcrop,0
R0064,-57.021527777760625,-25.615416666682265,220.0,0.4,1.0,Outcrop,0
R0065,-57.02124999998284,-25.615416666682265,221.0,0.6,1.0,Outcrop,0
R0066,-57.02097222220507,-25.615416666682265,224.0,0.7,1.0,Outcrop,0
R0067,-57.02069444442729,-25.615416666682265,227.0,0.6,1.0,Outcrop,0
R0068,-57.02041666664951,-25.615416666682265,228.0,0.4,1.0,Outcrop,0
R0069,-57.020138888871735,-25.615416666682265,232.0,0.5,1.0,Outcrop,0
R0070,-57.01986111109396,-25.615416666682265,236.0,0.7,1.0,Outcrop,0
R0071,-57.01958333331618,-25.615416666682265,238.0,0.8,1.0,Outcrop,0
R0072,-57.0193055555384,-25.615416666682265,239.0,0.7,1.0,Outcrop,0
R0073,-57.01902777776062,-25.615416666682265,244.0,0.7,1.0,Outcrop,0
R0074,-57.018749999982845,-25.615416666682265,249.0,0.7,1.0,Outcrop,0
R0075,-57.01847222220507,-25.615416666682265,254.0,0.5,1.0,Outcrop,0
R0076,-57.01819444442729,-25.615416666682265,254.0,0.4,1.0,Outcrop,0
R0077,-57.01791666664951,-25.615416666682265,258.0,0.5,1.0,Outcrop,0
R0078,-57.01763888887174,-25.615416666682265,262.0,0.3,1.0,Outcrop,0
R0079,-57.017361111093955,-25.615416666682265,262.0,0.2,1.0,Outcrop,0
